ID,Index,Gene,AA Change,Num Passing Transcripts,Best Peptide,Best Transcript,TSL,Allele,Pos,Prob Pos,Num Included Peptides,Num Passing Peptides,IC50 MT,IC50 WT,%ile MT,%ile WT,RNA Expr,RNA VAF,Allele Expr,RNA Depth,DNA VAF,Tier,Ref Match,Comments,python_Evaluation_pred,python_Accept_pred_prob,Evaluation,R_Evaluation_pred,R_Accept_pred_prob,ITB_review_time_seconds,Mutation
chrX-71137329-71137330-C-T,117.MED12.ENST00000374102.6.missense.1899R/W,MED12,R1899W,11,VYWQQQPAV,ENST00000374102.6,1.0,HLA-C*14:02,3,,6,1,21.7,30.385,0.2,0.27,104.98,0.375,39.367,1413.0,0.302,Pass,False,No comments,Accept,0.96039604,Accept,Accept,0.932668329,7.3,missense
chr15-65402479-65402480-C-T,69.IGDCC4.ENST00000352385.3.missense.191V/M,IGDCC4,V191M,1,RLIMLPNGV,ENST00000352385.3,1.0,HLA-A*02:01,4,,11,5,37.85,54.925,0.405,0.67,5.856,0.385,2.255,179.0,0.83,Pass,False,No comments,Accept,0.881188119,Accept,Accept,0.925187032,29.0,missense
chr6-44255310-44255311-G-C,27.SLC35B2.ENST00000393812.4.missense.232R/G,SLC35B2,R232G,5,MLMGKLVSG,ENST00000393812.4,1.0,HLA-A*02:01,9,,5,2,181.525,818.839,1.5,3.35,57.326,0.478,27.402,2038.0,0.472,Pass,False,No comments,Accept,0.831683168,Accept,Accept,0.837905237,21.0,missense
chr7-71710773-71710774-C-A,32.GALNT17.ENST00000333538.10.missense.505T/N,GALNT17,T505N,2,RYNKEGFLHL,ENST00000333538.10,1.0,HLA-C*14:02,3,,7,1,154.53,356.275,0.915,1.311,2.851,0.159,0.453,88.0,0.508,LowExpr,False,No comments,Accept,0.742574257,Accept,Accept,0.725685786,41.0,missense
chr1-2304525-2304526-C-G,1.SKI.ENST00000378536.5.missense.570R/G,SKI,R570G,1,FLHEVVKMGV,ENST00000378536.5,1.0,HLA-A*02:01,9,,3,2,11.159,26.709,0.2,0.36,197.085,0.192,37.84,4139.0,0.183,Subclonal,False,No comments,Accept,0.891089109,Accept,Accept,0.940149626,7.3,missense
chr3-10047947-10047948-C-G,20.FANCD2.ENST00000287647.7.missense.437S/W,FANCD2,S437W,4,ILWLAQSLL,ENST00000287647.7,1.0,HLA-A*02:01,3,,12,3,59.831,267.167,0.781,1.8,82.286,0.311,25.591,899.0,0.189,Subclonal,False,No comments,Accept,0.900990099,Accept,Accept,0.942643392,7.3,missense
chr11-34471398-34471399-C-G,55.CAT.ENST00000241052.5.missense.517S/C,CAT,S517C,1,TFVQSGCHL,ENST00000241052.5,1.0,HLA-C*14:02,7,7.0,4,2,56.14,44.978,1.492,0.847,68.775,0.168,11.554,1855.0,0.246,Subclonal,False,No comments,Review,0.356435644,Reject,Reject,0.119700748,7.0,missense
chr11-1470325-1470326-C-T,53.MOB2.ENST00000329957.7.missense.218R/Q,MOB2,R218Q,1,ILFAQEFNL,ENST00000329957.7,2.0,HLA-A*02:01,5,,10,5,19.961,23.754,0.118,0.157,38.199,0.433,16.54,1058.0,0.463,Poor,False,No comments,Accept,0.594059406,Review,Review,0.441396509,20.0,missense
chr9-15468838-15468839-C-G,44.PSIP1.ENST00000380733.9.missense.404R/P,PSIP1,R404P,2,IPRFKVSQV,ENST00000380733.9,1.0,HLA-B*51:01,2,,4,0,1193.397,21492.501,0.251,14.139,107.371,0.681,73.12,1119.0,0.751,Poor,False,No comments,Accept,0.742574257,Accept,Accept,0.748129676,76.0,missense
chr8-32648317-32648327-GAGAACGCCCA-G,34.NRG1.ENST00000520502.7.FS.201-204GAGAACGCCCA/G,NRG1,FS201-204,5,NFLHLHPPL,ENST00000520502.7,1.0,HLA-C*14:02,,,15,7,45.664,,0.629,,10.471,0.051,0.534,39.0,0.163,Poor,True,No comments,Accept,0.653465347,Review,Review,0.591022444,44.0,FS
chr20-50602115-50602116-G-C,114.RIPOR3.ENST00000327979.8.missense.539R/G,RIPOR3,R539G,2,QLGELEYQV,ENST00000327979.8,2.0,HLA-A*02:01,3,,4,1,35.545,215.771,0.29,1.7,4.527,0.091,0.412,44.0,0.299,Poor,False,No comments,Review,0.504950495,Review,Review,0.406483791,30.0,missense
chr19-16088078-16088079-G-C,100.TPM4.ENST00000586833.7.missense.143R/P,TPM4,R143P,7,ERAEEPAEV,ENST00000586833.7,5.0,HLA-C*07:02,6,,1,0,1837.996,1842.097,7.55,10.05,429.711,0.169,72.621,8086.0,0.297,Poor,False,No comments,Reject,0.217821782,Review,Review,0.249376559,92.0,missense
chr20-50602114-50602114-C-CA,112.RIPOR3.ENST00000327979.8.FS.539C/CA,RIPOR3,FS539,2,RLPGPAEAL,ENST00000327979.8,2.0,HLA-C*14:02,,,8,1,49.534,,1.08,,4.527,0.091,0.412,44.0,0.29,Poor,False,No comments,Review,0.485148515,Review,Review,0.403990025,14.0,FS
chr14-70947119-70947120-C-T,66.PCNX1.ENST00000304743.7.missense.120P/L,PCNX1,P120L,2,TRRKDSNGL,ENST00000304743.7,1.0,HLA-C*07:02,9,,3,0,1163.305,11184.971,2.7,31.5,54.6,0.535,29.211,1244.0,0.613,Poor,True,No comments,Review,0.475247525,Accept,Review,0.463840399,65.0,missense
chr17-16025022-16025023-A-G,90.TTC19.ENST00000261647.10.missense.228E/G,TTC19,E228G,1,GKANTHLLL,ENST00000261647.10,1.0,HLA-C*07:02,1,,1,0,2526.423,4832.249,10.75,12.55,70.531,0.817,57.624,1456.0,0.738,Poor,False,No comments,Review,0.366336634,Reject,Review,0.334164589,11.5,missense
chr8-47700470-47700471-G-A,39.SPIDR.ENST00000297423.9.missense.585R/H,SPIDR,R585H,5,IPLKTPGHD,ENST00000297423.9,1.0,HLA-B*51:01,8,,2,0,10511.42,11310.894,9.852,11.65,239.068,0.27,64.548,2310.0,0.202,Poor,False,No comments,Reject,0.247524752,Reject,Review,0.201995012,11.5,missense
chr11-62790708-62790709-G-A,56.TMEM223.ENST00000307366.8.missense.175R/C,TMEM223,R175C,1,KVKGRCFYF,ENST00000307366.8,1.0,HLA-C*07:02,6,6.0,1,0,1144.857,1223.373,3.534,3.003,11.518,0.331,3.812,969.0,0.345,Poor,False,No comments,Review,0.326732673,Reject,Review,0.234413965,11.5,missense
chr10-96981940-96981941-G-A,51.LCOR.ENST00000421806.4.missense.494R/Q,LCOR,R494Q,1,ILSSQKTA,ENST00000421806.4,3.0,HLA-A*02:01,5,,1,0,5387.61,6842.255,25.967,32.967,75.003,0.408,30.601,1233.0,0.368,Poor,False,No comments,Reject,0.237623762,Reject,Review,0.239401496,11.5,missense
chr2-74506200-74506201-A-C,7.PCGF1.ENST00000233630.11.missense.135V/G,PCGF1,V135G,1,GLDRGTQPT,ENST00000233630.11,1.0,HLA-A*02:01,5,,1,0,2319.691,1166.856,7.45,5.8,54.281,0.297,16.121,1187.0,0.28,Poor,False,No comments,Reject,0.217821782,Reject,Reject,0.19201995,11.5,missense
chr11-68448860-68448861-G-A,57.LRP5.ENST00000294304.12.missense.1547V/M,LRP5,V1547M,1,DMCDSDYSA,ENST00000294304.12,1.0,HLA-A*02:01,2,3.0,1,0,4326.643,10975.187,8.708,24.809,75.076,0.258,19.37,1164.0,0.338,Poor,False,No comments,Reject,0.227722772,Reject,Reject,0.159600998,11.5,missense
chr11-130914681-130914682-C-G,61.SNX19.ENST00000265909.9.missense.420E/Q,SNX19,E420Q,1,ALEPKDGEASQ,ENST00000265909.9,1.0,HLA-A*02:01,11,,1,0,11428.548,9969.003,31.322,33.822,115.136,0.295,33.965,1505.0,0.296,Poor,False,No comments,Review,0.306930693,Reject,Reject,0.194513716,11.5,missense
chr9-76710241-76710242-A-T,46.PRUNE2.ENST00000376718.8.missense.678S/T,PRUNE2,S678T,1,SSSEQETVF,ENST00000376718.8,5.0,HLA-C*14:02,7,,1,0,2510.04,2610.822,14.7,13.85,10.067,0.212,2.134,132.0,0.289,Poor,False,No comments,Reject,0.178217822,Reject,Reject,0.157107232,11.5,missense
chr11-5508410-5508411-G-A,54.UBQLN3.ENST00000311659.5.missense.383S/L,UBQLN3,S383L,1,PSVNRVPPL,ENST00000311659.5,1.0,HLA-C*14:02,9,,1,0,2314.77,17390.976,11.49,37.5,2.787,0.136,0.379,110.0,0.174,Poor,True,No comments,Reject,0.198019802,Reject,Reject,0.117206983,11.5,missense
chr1-99296813-99296814-A-G,2.PLPPR4.ENST00000370185.9.missense.114N/S,PLPPR4,N114S,1,GLEPNISA,ENST00000370185.9,1.0,HLA-A*02:01,7,,1,0,4933.125,5446.965,14.0,14.937,1.923,0.324,0.623,71.0,0.52,Poor,False,No comments,Reject,0.158415842,Reject,Reject,0.167082294,11.5,missense
chr1-205241816-205241817-G-A,5.TMCC2.ENST00000358024.8.missense.174G/S,TMCC2,G174S,1,LHSSSGGSSS,ENST00000358024.8,1.0,HLA-B*39:05,8,,1,0,8781.36,12140.27,5.8,9.3,10.016,0.167,1.673,42.0,0.253,Poor,True,No comments,Reject,0.297029703,Reject,Review,0.3840399,11.5,missense
chr3-4645634-4645635-C-G,11.ITPR1.ENST00000443694.5.missense.254D/E,ITPR1,D254E,1,EEHRKKQHVF,ENST00000443694.5,1.0,HLA-C*07:02,1,,1,0,17039.244,18990.875,12.588,12.567,20.01,0.043,0.86,281.0,0.213,Poor,False,No comments,Reject,0.227722772,Reject,Reject,0.14713217,11.5,missense
chr19-6495244-6495244-C-CCA,98.TUBB4A.ENST00000264071.7.FS.418-419C/CCA,TUBB4A,FS418-419,1,RWPRLLPSL,ENST00000264071.7,1.0,HLA-C*14:02,,,15,6,65.87,,0.491,,22.442,0.0,0.0,260.0,0.299,NoExpr,True,No comments,Reject,0.089108911,Review,Reject,0.049875312,13.0,FS
chr12-13675790-13675791-G-A,63.GRIN2B.ENST00000609686.4.missense.360P/L,GRIN2B,P360L,2,MHLKLVIIL,ENST00000609686.4,1.0,HLA-B*39:05,3,,13,4,105.41,306.31,0.051,0.09,0.269,0.0,0.0,0.0,0.277,NoExpr,False,No comments,Reject,0.059405941,Reject,Reject,0.074812968,0.0,missense
chr12-128693948-128693949-C-T,65.TMEM132C.ENST00000435159.3.missense.524P/S,TMEM132C,P524S,1,TVWVSRLPL,ENST00000435159.3,5.0,HLA-C*14:02,5,,4,3,107.366,214.543,3.507,2.313,0.052,0.0,0.0,3.0,0.632,NoExpr,False,No comments,Reject,0.0,Reject,Reject,0.014962594,0.0,missense
chr1-173600165-173600166-A-G,4.SLC9C2.ENST00000367714.4.missense.60L/P,SLC9C2,L60P,1,LTIPSLSGF,ENST00000367714.4,1.0,HLA-A*26:01,4,,8,3,156.142,210.183,0.175,0.3,0.516,0.0,0.0,3.0,0.234,NoExpr,False,No comments,Reject,0.01980198,Reject,Reject,0.004987531,0.0,missense
chr19-4363399-4363399-C-CAGGATCTGCACGGCCTGCCGGTG,95.SH3GL1.ENST00000269886.7.FS.233C/CAGGATCTGCACGGCCTGCCGGTG,SH3GL1,FS233,3,ISPSPGSPL,ENST00000269886.7,1.0,HLA-C*14:02,,,13,2,166.225,,1.09,,53.569,0.0,0.0,1135.0,0.107,NoExpr,False,No comments,Reject,0.069306931,Review,Reject,0.034912718,17.0,FS
chr6-40432406-40432407-G-C,26.LRFN2.ENST00000338305.7.missense.236S/C,LRFN2,S236C,1,FAPPLCFSF,ENST00000338305.7,1.0,HLA-C*14:02,6,6.0,4,2,190.425,139.86,1.205,0.926,0.071,0.0,0.0,4.0,0.288,NoExpr,False,No comments,Reject,0.01980198,Reject,Reject,0.012468828,0.0,missense
chr17-7674880-7674880-C-CACCACACT,70.TP53.ENST00000269305.9.FS.217C/CACCACACT,TP53,FS217,19,FRHSVVVWW,ENST00000269305.9,1.0,HLA-C*07:02,"8, 9",,15,3,239.581,31.22,1.295,0.021,172.956,0.0,0.0,1472.0,0.661,NoExpr,False,No comments,Reject,0.227722772,Review,Reject,0.074812968,15.0,FS
chr11-124891345-124891346-C-T,59.ROBO4.ENST00000306534.8.missense.634R/H,ROBO4,R634H,2,RRGLSSPHL,ENST00000306534.8,1.0,HLA-C*07:02,8,,7,2,290.016,297.254,0.762,0.9,12.591,0.0,0.0,142.0,0.324,NoExpr,False,No comments,Reject,0.089108911,Reject,Reject,0.047381546,0.0,missense
chr19-4292681-4292682-C-T,91.TMIGD2.ENST00000301272.6.missense.256V/I,TMIGD2,V256I,4,PRPGHPISM,ENST00000301272.6,1.0,HLA-C*14:02,7,,3,1,400.649,514.018,6.4,7.2,0.263,0.0,0.0,16.0,0.375,NoExpr,False,No comments,Reject,0.02970297,Reject,Reject,0.004987531,0.0,missense
chr10-48736049-48736055-GCTGAAA-G,50.WDFY4.ENST00000360890.6.inframe_del.620-621LK/-,WDFY4,LK620-621-,2,LQLDLLKVI,ENST00000360890.6,1.0,HLA-A*02:01,2,,7,1,753.192,8891.299,3.85,26.0,11.307,0.0,0.0,196.0,0.144,NoExpr,False,No comments,Reject,0.079207921,Review,Reject,0.059850374,60.0,FS
chr15-40282227-40282228-G-C,68.ANKRD63.ENST00000434396.2.missense.120P/R,ANKRD63,P120R,1,DSAGNSRVM,ENST00000434396.2,,HLA-A*26:01,7,,2,0,1750.67,1084.267,1.55,1.1,0.03,0.0,0.0,0.0,0.647,NoExpr,False,No comments,Reject,0.00990099,Reject,Reject,0.012468828,0.0,missense
chr2-219374903-219374904-C-T,8.DNPEP.ENST00000273075.9.missense.453R/Q,DNPEP,R453Q,4,LAMHSIQEM,ENST00000273075.9,1.0,HLA-C*12:03,7,,2,1,16.548,25.218,0.175,0.145,119.073,0.375,44.652,1810.0,0.425,Pass,False,No comments,Accept,0.910891089,Accept,Accept,0.885286783,11.25,missense
chr5-91378763-91378763-G-GT,138.ARRDC3.ENST00000265138.4.FS.98G/GT,ARRDC3,FS98,1,RLPHYSFRK,ENST00000265138.4,1.0,HLA-A*03:01,,,3,1,44.286,,0.105,,166.846,0.255,42.546,2916.0,0.391,Pass,False,No comments,Accept,0.930693069,Accept,Accept,0.957605985,11.25,FS
chr3-41224575-41224579-TGTTA-T,27.CTNNB1.ENST00000349496.11.FS.22-23TGTTA/T,CTNNB1,FS22-23,41,AAVTGSNSL,ENST00000349496.11,1.0,HLA-C*12:03,,,6,2,251.205,,2.92,,876.252,0.377,330.347,10290.0,0.389,Pass,False,No comments,Accept,0.623762376,Accept,Accept,0.603491272,11.25,FS
chr14-100239843-100239844-CG-C,192.YY1.ENST00000262238.10.FS.200CG/C,YY1,FS200,3,KILTMRQWLK,ENST00000262238.10,1.0,HLA-A*03:01,,,15,6,24.205,,0.2,,99.954,0.149,14.893,1265.0,0.41,Pass,False,No comments,Accept,0.910891089,Accept,Accept,0.93765586,11.25,missense
chr11-34658851-34658852-T-A,184.EHF.ENST00000531794.5.missense.297I/N,EHF,I297N,5,YKRENLERV,ENST00000531794.5,1.0,HLA-C*12:03,5,,1,1,260.12,442.18,7.992,5.628,392.135,0.455,178.421,5684.0,0.422,Pass,False,No comments,Accept,0.564356436,Accept,Accept,0.618453865,11.25,missense
chr3-48689559-48689560-C-A,111.IP6K2.ENST00000328631.10.missense.253G/V,IP6K2,G253V,1,QSTSAVIVV,ENST00000328631.10,1.0,HLA-C*12:03,8,,8,2,272.334,1830.687,1.119,4.868,232.837,0.487,113.392,2237.0,0.413,Pass,False,No comments,Accept,0.663366337,Accept,Accept,0.703241895,11.25,missense
chr3-41233384-41233385-C-A,69.CTNNB1.ENST00000349496.11.missense.376R/S,CTNNB1,R376S,41,HLTDPSQSL,ENST00000349496.11,1.0,HLA-C*12:03,8,,3,1,483.645,2240.59,2.75,5.25,876.252,0.347,304.059,12918.0,0.42,Pass,False,No comments,Accept,0.663366337,Accept,Review,0.538653367,11.25,missense
chr16-10547583-10547584-G-A,195.EMP2.ENST00000359543.8.missense.12H/Y,EMP2,H12Y,2,IAFYITSAA,ENST00000359543.8,1.0,HLA-C*12:03,4,,13,7,57.125,34.795,0.695,0.4,34.28,0.346,11.861,800.0,0.425,Pass,False,No comments,Accept,0.900990099,Accept,Accept,0.872817955,11.25,missense
chr2-232791284-232791285-C-T,14.GIGYF2.ENST00000409451.7.missense.395S/L,GIGYF2,S395L,15,ASEETPQTL,ENST00000409451.7,1.0,HLA-C*12:03,9,,4,1,290.837,7584.477,3.05,15.5,88.603,0.414,36.682,1639.0,0.441,Pass,False,No comments,Review,0.495049505,Accept,Review,0.461346633,60.0,missense
chr7-6585093-6585094-G-A,161.ZDHHC4.ENST00000335965.11.missense.192R/K,ZDHHC4,R192K,6,IGAWNIKYF,ENST00000335965.11,1.0,HLA-C*12:03,7,,6,1,468.692,224.076,5.675,4.415,94.525,0.449,42.442,1434.0,0.426,Pass,False,No comments,Review,0.465346535,Accept,Review,0.591022444,60.0,missense
chr6-85490578-85490579-G-A,139.NT5E.ENST00000257770.8.missense.428G/S,NT5E,G428S,2,QLKSSTLKK,ENST00000257770.8,1.0,HLA-A*03:01,4,,7,4,76.755,84.351,0.365,0.4,17.513,0.045,0.788,292.0,0.308,LowExpr,False,No comments,Accept,0.722772277,Accept,Accept,0.78553616,30.0,missense
chr14-33800229-33800230-C-A,187.NPAS3.ENST00000356141.8.missense.641N/K,NPAS3,N641K,6,LSSPKSASV,ENST00000356141.8,1.0,HLA-C*12:03,5,,5,3,58.705,43.975,1.105,0.655,0.857,0.417,0.357,36.0,0.431,LowExpr,False,No comments,Accept,0.564356436,Review,Review,0.346633416,18.0,missense
chr11-607115-607116-G-A,176.PHRF1.ENST00000264555.10.missense.554G/R,PHRF1,G554R,4,SLSRGEERFK,ENST00000264555.10,1.0,HLA-A*03:01,8,,3,1,190.187,219.47,0.922,1.118,0.46,0.35,0.161,792.0,0.455,LowExpr,False,No comments,Reject,0.277227723,Review,Reject,0.164588529,40.0,missense
chr2-190057487-190057488-C-G,3.MSTN.ENST00000260950.5.missense.300A/P,MSTN,A300P,1,WIIPPKRYK,ENST00000260950.5,1.0,HLA-A*03:01,4,,3,1,475.994,348.221,1.65,1.25,0.51,0.333,0.17,48.0,0.415,LowExpr,False,No comments,Reject,0.287128713,Review,Reject,0.154613466,20.0,missense
chr8-21999287-21999288-C-T,167.XPO7.ENST00000252512.14.missense.876P/S,XPO7,P876S,3,LSISHSDLL,ENST00000252512.14,1.0,HLA-C*12:03,4,,2,2,453.205,168.455,4.1,1.7,161.196,0.152,24.502,2005.0,0.146,Subclonal,False,No comments,Accept,0.663366337,Accept,Accept,0.678304239,63.0,missense
chr3-179218293-179218294-G-A,112.PIK3CA.ENST00000263967.4.missense.542E/K,PIK3CA,E542K,2,AISTRDPLSK,ENST00000263967.4,2.0,HLA-A*03:01,10,,5,2,72.947,22017.05,0.47,26.0,21.884,0.381,8.338,548.0,0.385,Poor,False,No comments,Review,0.534653465,Review,Review,0.461346633,20.6,missense
chr17-42040831-42040832-G-A,203.C17orf113.ENST00000587304.3.missense.301R/W,C17orf113,R301W,1,WTDPEPPAY,ENST00000587304.3,5.0,HLA-B*35:01,1,,2,1,79.402,967.082,0.556,2.43,3.206,0.431,1.382,202.0,0.455,Poor,False,No comments,Review,0.415841584,Review,Review,0.406483791,20.6,missense
chr7-5527749-5527766-TAGAAGCATTTGCGGTGG-T,154.ACTB.ENST00000473257.3.FS.327-333TAGAAGCATTTGCGGTGG/T,ACTB,FS327-333,8,SGPSIVGGL,ENST00000473257.3,3.0,HLA-C*12:03,"7, 8, 9",,3,0,3617.285,8908.267,24.5,28.0,1660.485,0.141,234.128,12119.0,0.302,Poor,False,No comments,Review,0.356435644,Reject,Review,0.326683292,20.6,FS
chr17-40134352-40134353-G-T,200.MSL1.ENST00000398532.9.missense.610R/L,MSL1,R610L,3,IQKKQTPHL,ENST00000398532.9,1.0,HLA-C*12:03,9,,3,1,2369.937,16274.54,13.03,33.565,105.975,0.422,44.721,2031.0,0.447,Poor,False,No comments,Review,0.405940594,Reject,Review,0.33915212,20.6,missense
chr2-218583024-218583025-T-A,4.CNOT9.ENST00000273064.11.missense.87S/T,CNOT9,S87T,4,LTAHQTNRV,ENST00000273064.11,1.0,HLA-C*12:03,6,,4,0,723.66,1206.96,4.365,6.908,55.032,0.37,20.362,1388.0,0.432,Poor,False,No comments,Review,0.455445545,Reject,Review,0.463840399,20.6,missense
chrX-45110081-45110082-G-A,215.KDM6A.ENST00000611820.5.missense.1389E/K,KDM6A,E1389K,11,EVKVFDLLF,ENST00000611820.5,1.0,HLA-A*25:01,3,,7,1,1627.065,12338.835,0.484,2.666,50.094,0.587,29.405,893.0,0.394,Poor,False,No comments,Accept,0.663366337,Accept,Accept,0.643391521,13.0,missense
chr6-149679984-149679986-ATC-A,141.LATS1.ENST00000253339.9.FS.828ATC/A,LATS1,FS828,2,HKMGFIHRY,ENST00000253339.9,1.0,HLA-C*12:03,9,,1,0,587.695,15587.651,6.667,44.612,20.048,0.62,12.43,297.0,0.768,Poor,False,No comments,Review,0.435643564,Accept,Review,0.488778055,79.0,FS
chr16-31120343-31120344-C-T,198.KAT8.ENST00000448516.6.missense.98R/W,KAT8,R98W,3,YVHYVGFNW,ENST00000448516.6,1.0,HLA-C*12:03,9,,2,0,848.704,7843.685,7.398,11.815,36.089,0.397,14.327,1058.0,0.419,Poor,False,No comments,Review,0.534653465,Accept,Accept,0.600997506,24.0,missense
chr10-119892807-119892808-G-A,175.SEC23IP.ENST00000369075.8.missense.9G/D,SEC23IP,G9D,1,KPNGDSGGAST,ENST00000369075.8,1.0,HLA-B*35:01,5,,1,0,6735.575,6612.91,15.0,14.0,62.927,0.459,28.883,917.0,0.436,Poor,False,No comments,Reject,0.237623762,Reject,Reject,0.167082294,41.5,missense
chr4-113330245-113330246-T-A,119.ANK2.ENST00000506722.5.missense.958S/R,ANK2,S958R,16,NSRFLVSFM,ENST00000506722.5,1.0,HLA-C*12:03,3,,5,0,621.574,356.095,5.4,5.4,7.763,0.062,0.481,144.0,0.448,Poor,True,No comments,Review,0.405940594,Review,Review,0.386533666,41.5,missense
chr5-37020856-37020867-CTTTGATATTTA-C,135.NIPBL.ENST00000282516.13.FS.1770-1773CTTTGATATTTA/C,NIPBL,FS1770-1773,1,RPFAQSFDT,ENST00000282516.13,1.0,HLA-B*35:01,9,,1,0,2675.618,1941.16,6.11,2.3,100.15,0.07,7.011,1710.0,0.291,Poor,False,No comments,Reject,0.148514851,Reject,Review,0.236907731,30.4,missense
chr2-185802011-185802012-G-C,2.FSIP2.ENST00000424728.6.missense.4236V/L,FSIP2,V4236L,1,KSILSRSPI,ENST00000424728.6,5.0,HLA-C*12:03,4,,4,0,564.595,439.17,3.65,3.138,0.132,0.408,0.054,103.0,0.43,Poor,False,No comments,Reject,0.099009901,Reject,Reject,0.137157107,30.4,missense
chr6-152136709-152136710-G-T,145.SYNE1.ENST00000367255.10.missense.8523R/S,SYNE1,R8523S,1,DLQDSLSQM,ENST00000367255.10,1.0,HLA-C*12:03,5,,1,0,2694.374,1883.33,15.0,11.7,49.444,0.127,6.279,275.0,0.842,Poor,False,No comments,Reject,0.257425743,Reject,Review,0.236907731,30.4,missense
chr10-96620548-96620549-C-T,172.PIK3AP1.ENST00000339364.10.missense.582V/I,PIK3AP1,V582I,3,SIRKGPPIR,ENST00000339364.10,1.0,HLA-A*03:01,8,,2,0,2207.001,1658.256,3.145,2.605,17.795,0.021,0.374,191.0,0.419,Poor,False,No comments,Reject,0.267326733,Reject,Reject,0.16957606,30.4,missense
chr1-9039612-9039613-T-G,1.SLC2A5.ENST00000377424.9.missense.312E/A,SLC2A5,E312A,1,SAGVPEAHV,ENST00000377424.9,1.0,HLA-C*12:03,7,,6,0,996.99,1630.87,4.2,6.65,5.028,0.043,0.216,46.0,0.471,Poor,False,No comments,Reject,0.287128713,Review,Review,0.284289277,30.4,missense
chr4-72138114-72138115-C-T,118.NPFFR2.ENST00000395999.5.missense.138T/M,NPFFR2,T138M,4,VAASVFMLV,ENST00000395999.5,1.0,HLA-C*12:03,7,,8,2,32.721,28.704,0.258,0.245,0.041,0.0,0.0,0.0,0.384,NoExpr,False,No comments,Reject,0.128712871,Reject,Reject,0.06234414,0.0,missense
chr20-64105860-64105861-C-T,204.NPBWR2.ENST00000369768.1.missense.324R/Q,NPBWR2,R324Q,2,FQKNFRSIL,ENST00000369768.1,,HLA-C*12:03,2,,3,1,45.15,570.73,0.865,3.223,0.0,0.0,0.0,1.0,0.482,NoExpr,False,No comments,Reject,0.04950495,Reject,Reject,0.019950125,0.0,missense
chr22-25868320-25868321-C-T,207.MYO18B.ENST00000407587.6.missense.1297A/V,MYO18B,A1297V,3,DERKVVEEL,ENST00000407587.6,1.0,HLA-B*18:01,5,,4,1,87.927,124.094,0.142,0.245,0.18,0.0,0.0,2.0,0.406,NoExpr,False,No comments,Reject,0.03960396,Reject,Reject,0.027431421,0.0,missense
chr9-114930109-114930110-G-A,170.TNFSF8.ENST00000223795.3.missense.65T/M,TNFSF8,T65M,2,LVVQRMDSI,ENST00000223795.3,1.0,HLA-C*12:03,6,,2,1,492.546,646.84,3.29,2.719,0.971,0.0,0.0,15.0,0.406,NoExpr,False,No comments,Reject,0.04950495,Reject,Reject,0.014962594,0.0,missense
chr19-1646405-1646406-T-G,148.TCF3.ENST00000262965.12.missense.32N/H,TCF3,N32H,8,MMFPLPVTHGK,ENST00000262965.12,1.0,HLA-A*11:01,9,,6,2,76.877,81.728,0.485,0.497,137.116,0.769,105.442,493.0,0.419,Pass,False,,Accept,0.900990099,Accept,Accept,0.972568579,1.5,missense
chr9-35090112-35090113-C-G,89.PIGO.ENST00000378617.4.missense.1008A/P,PIGO,A1008P,3,APQHFYAPL,ENST00000378617.4,1.0,HLA-B*07:02,8,,8,5,20.536,15.809,0.07,0.053,32.472,0.353,11.463,170.0,0.312,Pass,False,,Accept,0.920792079,Accept,Accept,0.955112219,1.5,missense
chr1-153960663-153960680-GACTGCTCCTTGTAAGCC-G,6.SLC39A1.ENST00000310483.10.FS.131-137GACTGCTCCTTGTAAGCC/G,SLC39A1,FS131-137,9,SEWWAAAL,ENST00000310483.10,1.0,HLA-B*18:01,,,15,6,84.462,,0.175,,61.471,0.226,13.892,446.0,0.458,Pass,True,,Accept,0.851485149,Review,Accept,0.753117207,558.0,FS
chr17-7674946-7674947-A-G,121.TP53.ENST00000269305.9.missense.195I/T,TP53,I195T,19,GLAPPQHLTR,ENST00000269305.9,1.0,HLA-A*03:01,9,,4,1,423.931,768.789,0.86,1.336,338.548,0.875,296.23,738.0,0.485,Pass,False,,Accept,0.811881188,Accept,Accept,0.783042394,11.6,missense
chr7-39988203-39988204-C-T,57.CDK13.ENST00000181839.10.missense.606T/I,CDK13,T606I,8,HVALVTSIL,ENST00000181839.10,1.0,HLA-B*07:02,8,,1,1,436.678,220.534,1.331,0.65,161.757,0.455,73.599,1531.0,0.386,Pass,False,,Accept,0.673267327,Accept,Accept,0.7680798,11.6,missense
chr12-12435629-12435630-C-G,100.BORCS5.ENST00000298571.6.missense.21L/V,BORCS5,L21V,3,RPNDLNSSGVL,ENST00000298571.6,1.0,HLA-B*07:02,10,,3,3,151.154,248.923,0.197,0.321,8.855,0.567,5.021,90.0,0.35,Pass,False,,Accept,0.881188119,Accept,Accept,0.907730673,11.6,missense
chr20-21706989-21706990-GT-G,176.PAX1.ENST00000613128.5.FS.280GT/G,PAX1,FS280,3,LPRWKTGPA,ENST00000613128.5,1.0,HLA-B*07:02,,,15,12,10.577,,0.12,,0.528,0.333,0.176,6.0,0.474,LowExpr,False,,Review,0.346534653,Review,Review,0.311720698,70.0,FS
chr6-143886800-143886801-C-A,50.ZC2HC1B.ENST00000237275.9.missense.110P/H,ZC2HC1B,P110H,1,LPPPHPPSL,ENST00000237275.9,1.0,HLA-B*07:02,5,,7,3,100.585,167.682,0.52,0.585,0.26,0.429,0.112,7.0,0.285,LowExpr,True,,Reject,0.287128713,Reject,Reject,0.182044888,29.3,missense
chr17-75899270-75899271-A-C,142.MRPL38.ENST00000309352.4.missense.298F/C,MRPL38,F298C,1,RTCRTFDFYK,ENST00000309352.4,1.0,HLA-A*11:01,3,3,6,5,9.795,5.985,0.095,0.05,82.508,0.176,14.521,564.0,0.143,Subclonal,False,,Review,0.326732673,Reject,Reject,0.134663342,29.3,missense
chr8-102270063-102270064-T-G,82.UBR5.ENST00000520539.6.missense.2402Y/S,UBR5,Y2402S,4,SPRVQAMQPA,ENST00000520539.6,1.0,HLA-B*07:02,1,,8,3,42.072,49.028,0.2,0.21,97.215,0.231,22.457,476.0,0.179,Subclonal,False,,Accept,0.940594059,Accept,Accept,0.972568579,29.3,missense
chr1-26255593-26255594-G-A,1.CEP85.ENST00000252992.8.missense.211R/K,CEP85,R211K,3,KTSTSKELYR,ENST00000252992.8,1.0,HLA-A*11:01,1,,7,2,73.67,73.805,0.465,0.445,25.465,0.388,9.88,286.0,0.213,Subclonal,False,,Accept,0.881188119,Accept,Accept,0.788029925,17.0,missense
chr19-48729114-48729116-TC-AT,171.RASIP1.ENST00000222145.9.missense.552E/M,RASIP1,E552M,1,RPREMEALL,ENST00000222145.9,1.0,HLA-B*07:02,5,,13,7,9.223,28.061,0.051,0.15,6.442,,,,0.138,Subclonal,False,,Accept,0.772277228,Review,Accept,0.832917706,76.0,missense
chr2-106145193-106145194-G-C,28.UXS1.ENST00000409501.7.missense.151I/M,UXS1,I151M,3,MEVDQIYHL,ENST00000409501.7,1.0,HLA-B*18:01,1,,5,2,139.078,480.478,0.138,0.46,44.416,0.172,7.64,390.0,0.138,Subclonal,False,,Accept,0.930693069,Accept,Accept,0.935162095,10.0,missense
chr1-228217099-228217100-C-G,23.OBSCN.ENST00000636476.2.missense.822S/C,OBSCN,S822C,9,FECETCEAH,ENST00000636476.2,1.0,HLA-B*18:01,6,"3,6",7,1,499.925,425.088,0.835,0.795,147.756,0.089,13.15,248.0,0.063,Subclonal,False,,Review,0.356435644,Reject,Reject,0.137157107,10.0,missense
chr4-40436541-40436542-TC-T,41.RBM47.ENST00000381793.6.FS.410TC/T,RBM47,FS410,3,GIYSHIMKGK,ENST00000381793.6,2.0,HLA-A*03:01,"5, 6, 7, 8",,14,7,16.485,40.275,0.081,0.285,19.619,0.402,7.887,117.0,0.513,Poor,False,,Accept,0.603960396,Review,Review,0.441396509,78.0,FS
chr2-112331862-112331862-C-CATCAAGTGGTTATGA,32.ZC3H6.ENST00000343936.4.inframe_ins.982H/HQVVMN,ZC3H6,H982HQVVMN,2,VVMNQVVMK,ENST00000343936.4,2.0,HLA-A*11:01,"1, 2, 3, 4",,4,3,11.748,2928.985,0.038,4.165,16.712,0.071,1.187,268.0,0.141,Poor,False,,Review,0.425742574,Review,Review,0.411471322,36.0,missense
chr19-45160124-45160125-GA-G,166.NKPD1.ENST00000317951.6.FS.9GA/G,NKPD1,FS9,2,SPRMPRAPT,ENST00000317951.6,2.0,HLA-B*07:02,,,15,15,7.155,,0.064,,0.446,0.25,0.112,24.0,0.22,Poor,False,,Reject,0.257425743,Review,Review,0.264339152,55.0,FS
chr8-143599592-143599593-C-A,86.TIGD5.ENST00000504548.4.missense.564L/M,TIGD5,L564M,1,APASMPSAI,ENST00000504548.4,,HLA-B*07:02,5,,11,3,14.127,24.325,0.1,0.162,1.244,0.3,0.373,233.0,0.216,Poor,False,,Review,0.435643564,Review,Review,0.261845387,58.0,missense
chr16-4576293-4576294-C-G,116.C16orf96.ENST00000444310.5.missense.605A/G,C16orf96,A605G,1,APATKMGAI,ENST00000444310.5,5.0,HLA-B*07:02,7,,4,2,16.895,17.873,0.05,0.06,0.318,0.6,0.191,10.0,0.277,Poor,False,,Review,0.425742574,Review,Review,0.286783042,48.5,missense
chr22-32067036-32067037-A-G,179.SLC5A1.ENST00000266088.9.missense.104N/D,SLC5A1,N104D,1,FEWDALVL,ENST00000266088.9,1.0,HLA-B*18:01,4,,3,2,106.092,90.157,0.18,0.18,15.959,0.038,0.606,52.0,0.067,Poor,False,,Accept,0.584158416,Review,Accept,0.603491272,48.5,missense
chr17-76387236-76387237-G-T,143.SPHK1.ENST00000323374.8.missense.355G/V,SPHK1,G355V,5,LHSHLVSEM,ENST00000323374.8,1.0,HLA-C*07:02,6,,3,0,613.198,1148.753,5.8,8.1,98.337,0.154,15.144,683.0,0.151,Poor,False,,Review,0.485148515,Accept,Accept,0.633416459,50.0,missense
chrX-71564637-71564638-G-A,184.OGT.ENST00000373719.8.missense.825R/H,OGT,R825H,2,EEVPHTIIV,ENST00000373719.8,1.0,HLA-B*18:01,5,,3,0,861.86,1532.501,1.295,2.15,517.644,0.09,46.588,3172.0,0.056,Poor,False,,Accept,0.732673267,Review,Accept,0.760598504,38.0,missense
chr16-3021888-3021889-G-C,115.TNFRSF12A.ENST00000575124.1.missense.206V/L,TNFRSF12A,V206L,1,IHSSILEPL,ENST00000575124.1,2.0,HLA-C*07:02,9,,1,0,1196.856,4202.185,5.45,20.0,167.464,0.196,32.823,662.0,0.126,Poor,False,,Review,0.445544554,Reject,Review,0.548628429,38.0,missense
chr22-46377229-46377230-G-A,180.CELSR1.ENST00000262738.9.missense.2472T/I,CELSR1,T2472I,2,IVIYAAVSL,ENST00000262738.9,1.0,HLA-B*07:02,3,,4,1,1312.526,1550.935,2.35,2.6,91.856,0.438,40.233,226.0,0.302,Poor,False,,Review,0.495049505,Reject,Review,0.546134663,38.0,missense
chr3-185923940-185923941-C-T,39.TRA2B.ENST00000453386.7.missense.126S/N,TRA2B,S126N,2,GLNLYTTER,ENST00000453386.7,1.0,HLA-A*11:01,3,,1,0,1064.536,1186.302,2.955,2.9,178.232,0.067,11.942,1139.0,0.056,Poor,False,,Reject,0.198019802,Review,Review,0.291770574,38.0,missense
chr20-3256200-3256201-C-G,173.DNAAF9.ENST00000252032.10.missense.1022R/S,DNAAF9,R1022S,1,KFSDSESTM,ENST00000252032.10,5.0,HLA-C*07:02,7,,2,1,743.391,255.657,1.07,0.325,18.497,0.2,3.699,210.0,0.132,Poor,False,,Review,0.465346535,Review,Review,0.403990025,38.0,missense
chr13-83879751-83879753-AG-GA,105.SLITRK1.ENST00000377084.3.missense.585-586IS/IP,SLITRK1,IS585-586IP,2,LYARIPPTL,ENST00000377084.3,,HLA-C*07:02,6,,6,2,260.585,540.609,0.343,0.651,0.061,,,,0.482,Poor,False,,Reject,0.287128713,Review,Review,0.251870324,8.0,missense
chr7-130398994-130398995-G-A,65.CEP41.ENST00000223208.10.missense.340P/S,CEP41,P340S,13,KVSGARSAQNL,ENST00000223208.10,1.0,HLA-B*07:02,3,,2,0,1554.778,4326.834,1.732,3.65,9.875,0.576,5.688,66.0,0.446,Poor,False,,Review,0.465346535,Accept,Review,0.351620948,30.0,missense
chr10-114314022-114314023-G-C,92.AFAP1L2.ENST00000304129.9.missense.214P/A,AFAP1L2,P214A,3,SSKDHSAQL,ENST00000304129.9,1.0,HLA-C*07:01,7,,1,0,1218.845,1002.28,1.65,1.225,9.637,0.138,1.33,94.0,0.188,Poor,False,,Review,0.495049505,Accept,Review,0.476309227,31.0,missense
chr1-89150428-89150429-C-A,4.GBP7.ENST00000294671.3.missense.258D/Y,GBP7,D258Y,2,EEVREDQLY,ENST00000294671.3,2.0,HLA-B*18:01,9,,4,0,548.013,18155.316,0.76,20.09,0.009,0.818,0.007,11.0,0.21,Poor,False,,Reject,0.267326733,Reject,Reject,0.134663342,4.7,missense
chr15-40324401-40324402-C-T,114.INAFM2.ENST00000638170.2.missense.116A/V,INAFM2,A116V,1,PPLQAVRPA,ENST00000638170.2,,HLA-B*07:02,6,,3,1,1070.02,831.137,2.356,2.138,0.588,1.0,0.588,4.0,0.211,Poor,False,,Reject,0.207920792,Reject,Reject,0.19201995,4.7,missense
chr7-33099307-33099308-C-G,54.RP9.ENST00000297157.8.missense.104Q/H,RP9,Q104H,3,MPLGKEVKVMH,ENST00000297157.8,1.0,HLA-B*07:02,11,,7,2,7210.135,10299.662,5.2,6.624,26.183,0.451,11.809,324.0,0.364,Poor,False,,Reject,0.217821782,Reject,Reject,0.19201995,4.7,missense
chr15-33788339-33788340-G-C,112.RYR3.ENST00000634891.2.missense.3238A/P,RYR3,A3238P,1,KPDGKGDTQEA,ENST00000634891.2,1.0,HLA-B*07:02,2,,1,0,4561.57,27895.024,3.1,37.095,1.559,0.364,0.567,11.0,0.243,Poor,False,,Review,0.366336634,Reject,Review,0.311720698,4.7,missense
chr16-67930073-67930074-C-T,118.CTRL.ENST00000574481.6.missense.219V/I,CTRL,V219I,2,QGDSGGPLI,ENST00000574481.6,1.0,HLA-C*07:02,9,,3,1,10167.225,8770.45,33.0,33.5,2.594,0.175,0.454,154.0,0.132,Poor,True,,Reject,0.227722772,Reject,Reject,0.132169576,4.7,missense
chr11-125676405-125676406-C-T,98.ACRV1.ENST00000533904.6.missense.209C/Y,ACRV1,C209Y,1,LRGEGTYIT,ENST00000533904.6,1.0,HLA-C*07:02,7,,1,0,3362.682,4918.682,8.215,13.5,0.389,0.206,0.08,68.0,0.091,Poor,False,,Reject,0.059405941,Reject,Reject,0.077306733,4.7,missense
chr1-158654734-158654735-G-T,16.SPTA1.ENST00000643759.2.missense.971A/E,SPTA1,A971E,1,QQAEPVEGV,ENST00000643759.2,,HLA-C*07:01,4,,1,0,12917.602,15482.851,15.185,23.0,0.499,0.5,0.249,4.0,0.193,Poor,False,,Reject,0.158415842,Reject,Reject,0.072319202,4.7,missense
chr19-48729115-48729116-C-T,172.RASIP1.ENST00000222145.9.missense.552E/K,RASIP1,E552K,1,RPREMEALL,ENST00000222145.9,1.0,HLA-B*07:02,5,,13,7,9.223,28.061,0.051,0.15,6.442,0.0,0.0,4.0,0.128,NoExpr,False,,Reject,0.247524752,Reject,Reject,0.179551122,4.7,missense
chr19-48729114-48729115-T-A,170.RASIP1.ENST00000222145.9.missense.552E/V,RASIP1,E552V,1,RPREMEALL,ENST00000222145.9,1.0,HLA-B*07:02,5,,13,7,9.223,28.061,0.051,0.15,6.442,0.0,0.0,4.0,0.127,NoExpr,False,,Reject,0.247524752,Reject,Reject,0.179551122,4.7,missense
chr14-100883281-100883282-C-A,107.RTL1.ENST00000649591.1.missense.503V/F,RTL1,V503F,1,VPSPNFSVF,ENST00000649591.1,,HLA-B*07:02,9,,7,5,50.407,72.702,0.145,0.245,0.0,0.0,0.0,8.0,0.145,NoExpr,False,,Reject,0.02970297,Reject,Reject,0.017456359,4.7,missense
chr9-108854705-108854706-C-T,91.ACTL7B.ENST00000374667.5.missense.409V/M,ACTL7B,V409M,1,EERGSMAIY,ENST00000374667.5,,HLA-B*18:01,6,,8,5,78.496,60.285,0.18,0.165,0.053,0.0,0.0,0.0,0.429,NoExpr,False,,Reject,0.089108911,Reject,Reject,0.044887781,4.7,missense
chr19-35155557-35155560-CCCT-C,156.FXYD5.ENST00000342879.7.inframe_del.3-4PS/P,FXYD5,PS3-4P,8,SPGRLCLLTI,ENST00000342879.7,1.0,HLA-B*07:02,"1, 2",6,5,2,113.912,22212.321,0.584,39.5,241.04,0.0,0.0,879.0,0.065,NoExpr,False,,Reject,0.287128713,Reject,Review,0.264339152,0.0,missense
chr17-40796930-40796931-C-G,141.KRT28.ENST00000306658.8.missense.321Q/H,KRT28,Q321H,1,LEIQLHSLM,ENST00000306658.8,1.0,HLA-B*18:01,6,,5,4,117.076,246.699,0.295,0.45,0.0,0.0,0.0,0.0,0.442,NoExpr,False,,Reject,0.01980198,Reject,Reject,0.012468828,0.0,missense
chr1-157518752-157518753-G-A,15.FCRL5.ENST00000361835.8.missense.897P/L,FCRL5,P897L,1,SPSDSDSQEL,ENST00000361835.8,1.0,HLA-B*07:02,10,,2,1,225.743,8629.047,0.61,8.05,0.189,0.0,0.0,2.0,0.429,NoExpr,False,,Reject,0.059405941,Reject,Reject,0.02244389,0.0,missense
chr13-83879751-83879752-A-G,103.SLITRK1.ENST00000377084.3.missense.586S/P,SLITRK1,S586P,2,LYARIPPTL,ENST00000377084.3,,HLA-C*07:02,6,,6,2,260.585,540.609,0.343,0.651,0.061,0.0,0.0,0.0,0.441,NoExpr,False,,Reject,0.00990099,Reject,Reject,0.009975062,0.0,missense
chrX-124737050-124737051-T-A,187.TENM1.ENST00000422452.2.missense.228S/C,TENM1,S228C,2,CPAAPAPPT,ENST00000422452.2,1.0,HLA-B*07:02,1,1,3,1,287.079,90.356,1.08,0.444,0.437,0.0,0.0,2.0,0.089,NoExpr,False,,Reject,0.00990099,Reject,Reject,0.002493766,0.0,missense
chr1-159535748-159535749-A-C,17.OR10J5.ENST00000334857.3.missense.87F/V,OR10J5,F87V,1,RMLLSLIVH,ENST00000334857.3,,HLA-A*03:01,8,,4,2,397.11,144.923,1.025,0.555,0.0,0.0,0.0,0.0,0.184,NoExpr,False,,Reject,0.01980198,Reject,Reject,0.027431421,0.0,missense
chr8-54649146-54649147-C-T,79.RP1.ENST00000637698.1.missense.317T/I,RP1,T317I,2,HEDIFIITV,ENST00000637698.1,5.0,HLA-B*18:01,6,,1,0,528.904,659.566,0.815,1.03,0.215,0.0,0.0,0.0,0.161,NoExpr,False,,Reject,0.00990099,Reject,Reject,0.019950125,0.0,missense
chr3-146449316-146449317-C-A,37.PLSCR2.ENST00000613069.4.missense.247W/C,PLSCR2,W247C,4,RISKHCSGFLR,ENST00000613069.4,1.0,HLA-A*11:01,6,6,2,0,560.347,511.364,1.49,1.4,8.21,0.0,0.0,21.0,0.181,NoExpr,False,,Reject,0.04950495,Reject,Reject,0.047381546,0.0,missense
chrX-112455020-112455021-T-C,185.RTL4.ENST00000340433.3.missense.98L/P,RTL4,L98P,1,AQIKPFFDY,ENST00000340433.3,,HLA-A*11:01,5,,3,0,700.136,668.612,2.311,2.28,0.0,0.0,0.0,0.0,0.201,NoExpr,False,,Reject,0.01980198,Reject,Reject,0.039900249,0.0,missense
chr16-67980283-67980284-C-T,119.DPEP3.ENST00000268793.6.missense.33V/I,DPEP3,V33I,2,LLLRQPITR,ENST00000268793.6,1.0,HLA-A*03:01,7,,4,0,703.63,1044.743,1.65,2.0,0.167,0.0,0.0,0.0,0.286,NoExpr,False,,Reject,0.02970297,Reject,Reject,0.007481297,0.0,missense
chr8-130836292-130836293-G-T,84.ADCY8.ENST00000286355.10.missense.887L/I,ADCY8,L887I,2,LRYDNINHS,ENST00000286355.10,1.0,HLA-C*07:01,6,,1,0,718.689,1004.771,1.901,2.892,0.134,0.0,0.0,1.0,0.319,NoExpr,False,,Reject,0.059405941,Reject,Reject,0.034912718,0.0,missense
chr20-49374547-49374548-G-C,177.KCNB1.ENST00000371741.6.missense.338L/V,KCNB1,L338V,2,NELGLLILFVA,ENST00000371741.6,1.0,HLA-B*18:01,10,,3,0,884.521,1495.242,0.805,1.385,0.209,0.0,0.0,0.0,0.322,NoExpr,False,,Reject,0.079207921,Reject,Reject,0.019950125,0.0,missense
chr4-158617167-158617180-TAAACCTCTCTGTC-T,43.RXFP1.ENST00000307765.10.FS.240-244TAAACCTCTCTGTC/T,RXFP1,FS240-244,7,QDYIGWTLK,ENST00000307765.10,1.0,HLA-A*03:01,,,3,1,1603.469,,3.619,,1.048,0.0,0.0,2.0,0.202,NoExpr,False,,Reject,0.00990099,Reject,Reject,0.004987531,0.0,FS
chr9-69013564-69013565-G-C,90.PRKACG.ENST00000377276.5.missense.176D/E,PRKACG,D176E,1,IEQQGYLQV,ENST00000377276.5,,HLA-B*18:01,2,,1,0,1742.265,22303.6,1.395,23.5,0.0,0.0,0.0,0.0,0.095,NoExpr,False,,Reject,0.099009901,Reject,Reject,0.064837905,0.0,missense
chr12-5045125-5045126-G-A,99.KCNA5.ENST00000252321.5.missense.327V/M,KCNA5,V327M,1,TLADPFFIM,ENST00000252321.5,,HLA-C*07:02,9,,7,2,1796.65,6503.721,3.225,11.35,0.139,0.0,0.0,0.0,0.265,NoExpr,False,,Reject,0.059405941,Reject,Reject,0.019950125,0.0,missense
chr19-47437480-47437481-C-G,168.SLC8A2.ENST00000236877.11.missense.697E/D,SLC8A2,E697D,2,WREQFLDAI,ENST00000236877.11,1.0,HLA-C*07:02,7,,1,0,1884.789,1626.571,4.15,3.1,0.448,0.0,0.0,2.0,0.131,NoExpr,False,,Reject,0.01980198,Reject,Reject,0.0,0.0,missense
chrX-37009895-37009896-T-C,182.FAM47C.ENST00000358047.5.missense.496S/P,FAM47C,S496P,1,RPEPPDTGVPH,ENST00000358047.5,,HLA-B*07:02,10,,3,0,2225.668,2768.629,2.1,2.53,0.116,0.0,0.0,0.0,0.384,NoExpr,False,,Reject,0.02970297,Reject,Reject,0.019950125,0.0,missense
chr6-166158390-166158391-A-T,53.TBXT.ENST00000366876.7.missense.412V/E,TBXT,V412E,1,ATDIEDSQY,ENST00000366876.7,1.0,HLA-A*11:01,5,,1,0,5476.286,2177.255,7.5,4.65,0.0,0.0,0.0,0.0,0.051,NoExpr,False,,Reject,0.059405941,Reject,Reject,0.014962594,0.0,missense
