ID,Gene,AA Change,Num Passing Transcripts,Best Peptide,Best Transcript,TSL,Allele,Pos,Prob Pos,Num Passing Peptides,IC50 MT,IC50 WT,%ile MT,%ile WT,RNA Expr,RNA VAF,Allele Expr,RNA Depth,DNA VAF,Tier,Ref Match,Comments,python_Evaluation_pred,python_Accept_pred_prob,Evaluation,R_Evaluation_pred,R_Accept_pred_prob,ITB_review_time_seconds,Mutation
chr5-58991931-58991932-T-C,PDE4D,Q363R,10,RPMSRISGV,ENST00000340635.11,1.0,HLA-B*07:02,5,,7,19.129,35.181,0.045,0.116,19.486,0.31,6.041,245,0.322,Pass,False,No comments,Accept,0.900990099,Accept,Accept,0.952618454,5.4,missense
chr16-8768905-8768906-G-A,ABAT,R250Q,5,APFPQLKYPL,ENST00000569156.5,1.0,HLA-B*07:02,5,,7,64.041,42.72,0.23,0.125,29.32,0.431,12.637,852,0.391,Pass,False,No comments,Accept,0.940594059,Accept,Accept,0.942643392,5.4,missense
chr2-47809248-47809249-T-A,FBXO11,N822Y,3,YQDAIEKAV,ENST00000403359.8,1.0,HLA-C*12:03,1,,6,468.75,5222.951,2.23,7.03,56.389,0.253,14.266,1359,0.26,Pass,False,No comments,Review,0.495049505,Accept,Accept,0.633416459,5.4,missense
chr17-7676054-7676055-GC-G,TP53,FS105,15,TYQAATVSVW,ENST00000269305.9,1.0,HLA-A*23:01,10-Apr,,10,60.863,,0.135,,14.586,0.156,2.275,358,0.565,Pass,False,No comments,Accept,0.920792079,Accept,Accept,0.922693267,5.4,missense
chr12-25227341-25227342-T-C,KRAS,Q61R,4,ILDTAGREEY,ENST00000256078.10,1.0,HLA-A*01:01,7,,4,283.601,151.118,0.145,0.11,23.659,0.228,5.394,1418,0.414,Pass,False,No comments,Accept,0.831683168,Accept,Accept,0.850374065,5.4,missense
chr1-117623423-117623425-AAT-A,TENT5C,FS186,1,SFQHPGFFAF,ENST00000369448.4,1.0,HLA-A*23:01,10-Apr,,13,51.686,,0.155,,2.485,0.284,0.706,306,0.31,LowExpr,False,No comments,Accept,0.762376238,Review,Accept,0.715710723,24.0,FS
chr6-165435330-165435331-C-T,PDE10A,R414H,10,KPHLIPAGPI,ENST00000539869.4,1.0,HLA-B*07:02,3,,3,38.391,13.224,0.222,0.083,0.756,0.209,0.158,43,0.655,LowExpr,False,No comments,Review,0.495049505,Review,Review,0.426433915,53.0,missense
chr14-70732630-70732631-C-G,MAP3K9,R927P,5,HPRTPSDGAL,ENST00000555993.6,1.0,HLA-B*07:02,2,,6,41.435,4437.79,0.049,4.265,7.907,0.174,1.376,242,0.155,Subclonal,False,No comments,Accept,0.663366337,Accept,Accept,0.780548628,13.0,missense
chr17-39203094-39203095-G-C,RPL19,K114N,5,NIDRHMYHSLY,ENST00000225430.9,1.0,HLA-A*01:01,1,,5,176.085,476.578,0.171,0.258,907.01,0.002,1.814,12122,0.106,Subclonal,False,No comments,Review,0.455445545,Accept,Review,0.401496259,13.0,missense
chr19-33113798-33113799-G-A,GPATCH1,R642H,1,LPRVKHDKYSV,ENST00000170564.7,1.0,HLA-B*07:02,6,,6,473.449,350.303,0.854,0.886,17.562,0.17,2.986,684,0.181,Subclonal,False,No comments,Accept,0.683168317,Accept,Accept,0.860349127,13.0,missense
chr17-39201321-39201322-G-C,RPL19,D39H,1,HRSGSSSKM,ENST00000678147.1,,HLA-C*07:02,1,,4,395.932,855.478,0.55,1.688,907.01,0.822,745.562,455,0.081,Poor,False,No comments,Review,0.425742574,Review,Review,0.33915212,28.8,missense
chr11-62691225-62691226-C-G,BSCL2,G276R,1,LIFVGGQRY,ENST00000682262.1,,HLA-C*12:03,8,,2,576.27,1085.25,2.8,2.3,86.745,0.224,19.431,49,0.094,Poor,False,No comments,Review,0.475247525,Review,Review,0.456359102,28.8,missense
chr7-152358631-152358632-T-C,KMT2C,M69V,12,TAVEDEDSV,ENST00000262189.11,1.0,HLA-C*12:03,9,,1,597.278,1287.67,3.45,4.9,111.111,0.164,18.222,1528,0.156,Poor,False,No comments,Review,0.336633663,Review,Review,0.453865337,28.8,missense
chr22-42129170-42129171-G-A,CYP2D6,R123C,1,VFLACYGPAW,ENST00000645361.2,,HLA-A*23:01,5,5,4,181.494,229.383,0.49,0.69,6.759,0.222,1.5,167,0.373,Poor,False,No comments,Reject,0.178217822,Reject,Reject,0.059850374,28.8,missense
chr22-37495957-37495958-G-A,CARD10,P702L,5,AWAKGLGAEPF,ENST00000251973.10,1.0,HLA-A*23:01,6,,2,1856.24,2102.741,1.6,1.764,54.982,0.365,20.068,2093,0.41,Poor,False,No comments,Review,0.425742574,Review,Review,0.443890274,28.8,missense
chr1-53271057-53271058-C-A,LRP8,D408Y,15,YPGYEMYLL,ENST00000306052.12,1.0,HLA-B*07:02,7,,5,532.09,916.65,1.389,1.9,17.546,0.044,0.772,504,0.083,Poor,False,No comments,Review,0.346534653,Review,Review,0.428927681,28.8,missense
chr13-48707085-48707086-C-T,CYSLTR2,T90M,3,LFISMLPF,ENST00000614739.4,1.0,HLA-A*23:01,5,,11,527.766,430.671,1.03,0.775,0.704,0.282,0.199,39,0.474,Poor,False,No comments,Review,0.366336634,Review,Review,0.304239401,28.8,missense
chr4-3172344-3172345-T-C,HTT,L1297P,6,VEEILGYPK,ENST00000355072.11,1.0,HLA-C*12:03,8,,1,21939.496,25147.816,56.5,57.855,25.365,0.678,17.197,603,0.568,Poor,False,No comments,Review,0.366336634,Reject,Review,0.406483791,28.8,missense
chr2-152718628-152718629-C-T,ARL6IP6,S2L,0,LFAESGWRSAL,ENST00000326446.10,1.0,HLA-C*12:03,1,,0,4613.33,4576.4,12.092,10.27,31.211,0.286,8.926,336,0.163,Poor,False,No comments,Reject,0.267326733,Reject,Reject,0.152119701,28.8,missense
chr2-73263765-73263766-G-A,FBXO41,R663C,3,CISHCPNIL,ENST00000295133.9,1.0,HLA-C*12:03,1,"1,5",1,1323.216,501.149,11.3,5.3,6.902,0.315,2.174,454,0.375,Poor,False,No comments,Reject,0.188118812,Reject,Reject,0.199501247,28.8,missense
chr20-63694908-63694909-A-G,RTEL1,D1093G,0,KQDDDLGKV,ENST00000370018.7,1.0,HLA-C*12:03,7,,0,2875.532,3116.121,8.679,9.889,28.884,0.085,2.455,845,0.095,Poor,False,No comments,Reject,0.128712871,Reject,Review,0.256857855,10.0,missense
chr18-51047227-51047228-T-G,SMAD4,I61R,0,TARTTNGAH,ENST00000589941.1,3.0,HLA-B*07:02,3,,0,3735.625,16294.15,4.35,15.5,30.262,0.115,3.48,489,0.064,Poor,False,No comments,Reject,0.217821782,Reject,Reject,0.182044888,10.0,missense
chr10-48459852-48459853-C-T,ARHGAP22,E180K,7,KRKYGPRLA,ENST00000417912.6,1.0,HLA-C*07:02,1,,3,1068.795,2820.409,6.5,12.1,8.157,0.053,0.432,113,0.165,Poor,False,No comments,Reject,0.138613861,Reject,Review,0.239401496,10.0,missense
chr7-138628270-138628271-G-A,SVOPL,A167V,6,SKSDSVVVV,ENST00000436657.5,1.0,HLA-C*12:03,6,,2,1274.745,2752.58,6.432,8.185,3.669,0.087,0.319,104,0.37,Poor,False,No comments,Review,0.336633663,Reject,Review,0.29925187,10.0,missense
chr14-75963470-75963471-A-T,TGFB3,D257E,0,KGVDNEEDH,ENST00000238682.8,1.0,HLA-C*07:02,7,,0,7615.43,9094.804,21.616,24.809,11.921,0.013,0.155,306,0.051,Poor,False,No comments,Reject,0.099009901,Reject,Reject,0.167082294,10.0,missense
chr1-197062948-197062949-GA-G,F13B,FS58,1,KPRVQQKAGL,ENST00000367412.2,1.0,HLA-B*07:02,10-Jan,,10,23.439,,0.13,,0.035,0.0,0.0,0,0.058,NoExpr,False,No comments,Reject,0.059405941,Pending,Reject,0.024937656,22.0,FS
chr1-210804132-210804133-G-A,KCNH1,T472M,9,TIFGNVMTI,ENST00000639952.1,1.0,HLA-C*12:03,7,,14,28.545,29.91,0.275,0.265,0.322,0.0,0.0,8,0.312,NoExpr,False,No comments,Reject,0.128712871,Pending,Reject,0.02244389,10.9,missense
chr15-23647228-23647229-G-A,MAGEL2,P172S,1,SPPPGTPM,ENST00000650528.1,,HLA-B*07:02,1,,10,91.225,991.442,0.305,1.65,0.147,0.0,0.0,2,0.551,NoExpr,False,No comments,Reject,0.089108911,Pending,Reject,0.047381546,10.9,missense
chr15-88137423-88137424-C-T,NTRK3,R201H,11,LPLFHMNI,ENST00000629765.2,1.0,HLA-B*07:02,5,,3,473.442,304.478,1.5,0.825,0.858,0.0,0.0,20,0.33,NoExpr,False,No comments,Reject,0.069306931,Pending,Reject,0.017456359,10.0,missense
chr2-176130573-176130574-G-A,HOXD8,A70T,2,HAPPQAHTH,ENST00000450510.2,1.0,HLA-C*12:03,8,,6,582.03,914.98,1.6,2.4,0.752,0.0,0.0,10,0.283,NoExpr,False,No comments,Reject,0.059405941,Pending,Reject,0.027431421,10.9,missense
chr22-46536123-46536123-T-TGTG,CELSR1,-349-350H,3,DTNDHHSPV,ENST00000262738.9,1.0,HLA-C*12:03,6,,1,600.52,1000.515,3.548,4.3,100.279,0.0,0.0,1911,0.122,NoExpr,True,No comments,Reject,0.079207921,Review,Reject,0.057356608,10.9,missense
chr7-155071386-155071387-C-T,HTR5A,A163V,1,VMIVLTWAL,ENST00000287907.3,1.0,HLA-A*23:01,4,,5,694.375,464.248,1.55,1.15,0.0,0.0,0.0,0,0.371,NoExpr,False,No comments,Reject,0.0,Pending,Reject,0.0,10.9,FS
chr19-54983318-54983319-G-A,NLRP2,G541R,7,RVERLRNPDL,ENST00000448584.7,1.0,HLA-B*07:02,1,,4,1051.57,6011.595,2.95,8.936,0.093,0.0,0.0,0,0.357,NoExpr,False,No comments,Reject,0.00990099,Pending,Reject,0.002493766,10.9,missense
chr2-178717807-178717808-G-A,TTN,R8356C,3,KACKLPPFF,ENST00000589042.5,5.0,HLA-C*12:03,3,3,2,1099.099,402.988,3.66,5.2,1.269,0.0,0.0,14,0.289,NoExpr,False,No comments,Reject,0.03960396,Reject,Reject,0.012468828,10.9,missense
chr2-190062315-190062316-T-A,MSTN,Y94F,0,APPLRELIDQF,ENST00000260950.5,1.0,HLA-B*07:02,11,,0,3045.32,14155.937,3.36,10.736,0.118,0.0,0.0,15,0.128,NoExpr,False,No comments,Reject,0.04950495,Pending,Reject,0.012468828,10.9,missense
chr7-152146678-152146695-AGCATTTCAGACTTTTTT-A,KMT2C,FS4645-4651,13,GTHSGITSW,ENST00000262189.11,1.0,HLA-A*32:01,9-Jan,,4,236.67,,0.345,,301.554,0.406,122.431,401,0.238,Pass,False,No comments,Accept,0.871287129,Accept,Accept,0.845386534,19.4,missense
chr3-112827455-112827456-G-A,CD200R1L,P114L,3,LVDTTHDGY,ENST00000398214.5,1.0,HLA-C*05:01,1,,3,223.535,3025.297,0.71,3.674,0.012,0.671,0.008,70,0.318,LowExpr,False,No comments,Reject,0.178217822,Review,Reject,0.164588529,25.0,missense
chr11-65585072-65585073-G-A,EHBP1L1,A1139T,4,TYLCQIRTF,ENST00000309295.9,1.0,HLA-A*24:02,8,4.0,5,52.811,101.635,0.04,0.15,142.388,0.487,69.343,1004,0.185,Subclonal,False,No comments,Review,0.415841584,Reject,Reject,0.177057357,19.4,missense
chr11-20100975-20100976-C-T,NAV2,S2074F,5,SLDSLVFEF,ENST00000349880.9,1.0,HLA-C*05:01,9,,3,142.465,1101.595,0.16,3.25,50.454,0.234,11.806,734,0.099,Subclonal,False,No comments,Accept,0.930693069,Accept,Accept,0.935162095,18.0,missense
chr3-147413414-147413415-C-T,ZIC1,S403F,2,YEFSTPPTI,ENST00000282928.5,1.0,HLA-B*44:02,3,,3,305.566,355.209,0.3,0.362,102.589,0.216,22.159,1962,0.072,Subclonal,False,No comments,Accept,0.762376238,Accept,Accept,0.850374065,18.0,missense
chr6-70556811-70556812-C-G,FAM135A,H1431D,6,RYVPYDSARI,ENST00000370479.7,1.0,HLA-A*24:02,6,,2,163.881,190.227,0.226,0.234,36.901,0.302,11.144,609,0.147,Subclonal,False,No comments,Accept,0.900990099,Accept,Accept,0.980049875,19.4,missense
chr8-120413990-120413991-G-A,MRPL13,P172L,2,DAFPRLWTL,ENST00000306185.8,1.0,HLA-B*14:01,9,,3,147.34,8441.82,0.023,3.787,46.377,0.144,6.678,890,0.088,Subclonal,False,No comments,Accept,0.653465347,Accept,Accept,0.733167082,17.7,missense
chr7-135189439-135189440-G-C,WDR91,L558V,5,SVDPEPIAI,ENST00000354475.5,1.0,HLA-C*08:02,2,,3,148.798,178.342,0.2,0.275,86.087,0.071,6.112,1266,0.06,Subclonal,False,No comments,Accept,0.712871287,Accept,Accept,0.790523691,17.7,missense
chr19-746460-746461-C-T,PALM,R271W,4,RTTPSRWEI,ENST00000338448.10,1.0,HLA-A*32:01,7,,1,326.177,1787.72,0.31,3.55,42.701,0.225,9.608,338,0.078,Subclonal,False,No comments,Accept,0.861386139,Accept,Accept,0.907730673,17.7,missense
chr6-88144730-88144731-G-A,CNR1,R182C,6,CKDSRNVFL,ENST00000369501.3,1.0,HLA-C*05:01,1,1.0,3,273.226,382.472,1.206,1.074,4.604,0.468,2.155,389,0.181,Subclonal,False,No comments,Review,0.415841584,Reject,Review,0.259351621,19.4,missense
chr17-42856295-42856296-G-T,AOC3,A680S,4,AWVTSGFLHI,ENST00000308423.7,1.0,HLA-A*24:02,5,,2,424.122,379.969,0.74,0.685,6.324,0.16,1.012,100,0.211,Subclonal,False,No comments,Accept,0.683168317,Accept,Accept,0.793017456,19.4,missense
chr11-65617661-65617662-C-T,PCNX3,S178F,1,FADREMLKL,ENST00000355703.4,5.0,HLA-C*05:01,1,,2,59.098,253.732,0.13,0.67,102.852,0.236,24.273,1324,0.077,Poor,False,No comments,Review,0.445544554,Review,Review,0.426433915,32.0,missense
chr8-143921424-143921425-C-T,PLEC,R2936Q,14,IVQEHGIRL,ENST00000322810.8,1.0,HLA-C*08:02,3,,1,519.031,5267.56,1.7,4.15,408.989,0.188,76.89,6067,0.147,Poor,False,No comments,Accept,0.782178218,Accept,Accept,0.840399002,37.0,missense
chr17-4596878-4596879-G-A,SMTNL2,A337T,2,TRLKRSQSF,ENST00000389313.9,1.0,HLA-B*14:01,1,,1,508.61,1629.15,0.186,0.587,19.972,0.97,19.373,67,0.389,Poor,False,No comments,Accept,0.643564356,Accept,Accept,0.795511222,20.0,missense
chr8-132814840-132814841-G-T,PHF20L1,D379Y,4,EYLTLVSQL,ENST00000395386.7,5.0,HLA-A*24:02,2,,1,670.075,33422.164,0.76,34.0,148.939,0.257,38.277,1243,0.182,Poor,False,No comments,Accept,0.633663366,Review,Review,0.463840399,4.2,missense
chr7-150371970-150371971-C-T,REPIN1,R244C,6,CFRHKPNLI,ENST00000444957.3,1.0,HLA-A*24:02,1,1.0,1,1354.942,643.68,1.85,0.8,171.165,0.786,134.536,2193,0.376,Poor,False,No comments,Review,0.425742574,Reject,Review,0.281795511,25.0,missense
chr14-65077834-65077836-ACT-A,MAX,FS124-125,2,SVAGLVLLL,ENST00000284165.10,1.0,HLA-A*32:01,9-Jan,,4,516.004,,1.31,,81.037,0.119,9.643,67,0.114,Poor,False,No comments,Accept,0.900990099,Accept,Accept,0.927680798,42.0,FS
chr17-7674887-7674888-T-C,TP53,S215G,20,NTFRHGVVVPY,ENST00000269305.9,1.0,HLA-A*32:01,6,,1,1475.089,1902.783,2.149,2.986,233.976,0.923,215.96,1201,0.419,Poor,False,No comments,Accept,0.623762376,Accept,Review,0.533665835,53.0,missense
chr9-108900327-108900328-G-T,ELP1,L688M,18,NHVSHGEVM,ENST00000374647.10,1.0,HLA-B*14:01,9,,1,1079.87,735.01,0.1,0.07,29.441,0.737,21.698,605,0.253,Poor,False,No comments,Accept,0.584158416,Accept,Accept,0.675810474,4.2,missense
chr11-61485338-61485339-G-T,PPP1R32,G171V,2,RENFRHVPRF,ENST00000338608.7,1.0,HLA-B*44:02,7,,1,149.65,181.88,0.3,0.3,4.04,0.125,0.505,48,0.082,Poor,False,No comments,Accept,0.633663366,Pending,Review,0.561097257,4.2,missense
chr22-22487839-22487840-A-G,ZNF280B,I520T,3,SVDVASTTV,ENST00000626650.3,2.0,HLA-C*05:01,7,,1,78.629,109.476,0.33,0.51,1.639,0.104,0.17,115,0.079,Poor,False,No comments,Review,0.346534653,Pending,Reject,0.154613466,4.2,missense
chr2-200853439-200853440-G-C,CLK1,L441V,3,KEFMVSQDV,ENST00000321356.9,1.0,HLA-B*44:02,5,,1,710.991,588.37,0.698,0.78,93.946,0.104,9.77,1038,0.06,Poor,False,No comments,Accept,0.594059406,Accept,Accept,0.760598504,4.2,missense
chr11-6626811-6626812-G-A,DCHS1,T2076M,0,RFPRASSEAMI,ENST00000299441.5,1.0,HLA-A*24:02,10,,0,1640.083,870.089,1.672,0.954,117.628,0.258,30.348,1545,0.106,Poor,False,No comments,Review,0.396039604,Pending,Review,0.413965087,4.2,missense
chr19-4793141-4793142-A-G,FEM1A,M430V,1,VTASSFLSF,ENST00000269856.5,,HLA-A*24:02,1,,1,432.117,399.917,0.535,0.592,11.691,0.224,2.619,777,0.067,Poor,False,No comments,Review,0.356435644,Pending,Review,0.25436409,4.2,missense
chr3-134478615-134478616-C-T,ANAPC13,E67K,4,QYLHKNVPPI,ENST00000354910.10,1.0,HLA-A*24:02,5,,2,831.076,837.063,1.322,1.17,24.662,0.319,7.867,923,0.158,Poor,False,No comments,Accept,0.633663366,Accept,Accept,0.728179551,4.2,missense
chr9-91757400-91757401-G-A,ROR2,R112W,1,QEPRRIIIW,ENST00000375708.4,1.0,HLA-B*44:02,9,,2,590.46,26168.375,0.404,20.5,22.164,0.204,4.521,285,0.096,Poor,False,No comments,Accept,0.811881188,Accept,Accept,0.748129676,4.2,missense
chr19-19638007-19638008-G-T,GMIP,A280E,3,EANERQQDL,ENST00000203556.9,1.0,HLA-C*08:02,4,,2,553.418,1294.508,3.061,4.575,45.56,0.079,3.599,391,0.052,Poor,False,No comments,Reject,0.227722772,Pending,Review,0.244389027,4.2,missense
chr11-107556824-107556825-T-C,ALKBH8,K103R,6,YVTLNGREV,ENST00000428149.7,1.0,HLA-C*08:02,7,,1,1302.984,1328.89,2.009,2.15,18.697,0.507,9.479,223,0.155,Poor,False,No comments,Review,0.415841584,Pending,Review,0.476309227,4.2,missense
chr14-21395079-21395080-G-A,CHD8,P1462L,0,GHLFWPLGSAL,ENST00000430710.8,1.0,HLA-B*14:01,7,,0,1577.77,1967.19,1.9,0.86,73.985,0.237,17.534,773,0.088,Poor,False,No comments,Review,0.386138614,Pending,Review,0.428927681,4.2,missense
chr13-20704130-20704131-G-C,IL17D,G44R,3,YRRLAAGVL,ENST00000304920.3,1.0,HLA-B*14:01,2,,1,532.71,4502.36,0.18,2.971,3.264,0.719,2.347,57,0.249,Poor,False,No comments,Accept,0.693069307,Pending,Accept,0.78553616,4.2,missense
chr12-53200331-53200332-G-A,ITGB7,H38Y,7,TEWRNPYLSM,ENST00000267082.10,1.0,HLA-B*44:02,7,,3,380.72,509.83,0.689,0.717,1.727,0.25,0.432,36,0.109,Poor,False,No comments,Review,0.524752475,Review,Review,0.369077307,22.0,missense
chr3-48590256-48590257-C-T,COL7A1,R669Q,0,TYQVAVSVLQ,ENST00000328333.12,1.0,HLA-A*24:02,10,,0,5010.324,4833.113,4.5,4.393,36.566,0.566,20.696,602,0.19,Poor,False,No comments,Review,0.435643564,Pending,Review,0.356608479,4.2,missense
chr6-83168122-83168123-G-C,DOP1A,E2463Q,3,IEQMVEKDF,ENST00000369739.7,1.0,HLA-B*44:02,3,,1,1081.707,2735.606,1.025,1.9,33.996,0.129,4.385,1352,0.078,Poor,False,No comments,Accept,0.653465347,Pending,Accept,0.748129676,4.2,missense
chr14-76498311-76498312-C-A,ESRRB,P386T,5,YELSQRHEETW,ENST00000509242.5,1.0,HLA-B*44:02,10,,1,313.675,326.375,0.14,0.232,0.414,0.125,0.052,16,0.18,Poor,False,No comments,Review,0.316831683,Review,Reject,0.162094763,27.0,missense
chr8-31031830-31031831-C-T,PURG,E318K,2,KYKEEMRKI,ENST00000523392.2,3.0,HLA-A*24:02,3,,1,659.692,1054.805,0.77,0.925,1.567,0.58,0.909,69,0.108,Poor,False,No comments,Review,0.485148515,Pending,Review,0.381546135,4.2,missense
chr1-118987628-118987629-G-A,TBX15,T56M,1,MEDAAAHGL,ENST00000369429.5,5.0,HLA-B*44:02,1,,2,664.764,1338.058,0.459,0.67,1.058,0.9,0.952,20,0.246,Poor,False,No comments,Review,0.396039604,Pending,Review,0.351620948,4.2,missense
chr7-23522348-23522349-A-C,TRA2A,I40M,0,RLMKSMKDQKI,ENST00000538367.6,2.0,HLA-A*32:01,6,,0,1979.76,1818.99,1.587,1.004,113.103,0.048,5.429,710,0.07,Poor,False,No comments,Reject,0.297029703,Pending,Review,0.341645885,4.2,missense
chr1-90007651-90007652-C-T,ZNF326,R173W,0,HMKPAPVGSW,ENST00000340281.9,1.0,HLA-A*32:01,10,,0,1942.925,16132.316,1.205,15.5,36.855,0.129,4.754,816,0.076,Poor,False,No comments,Accept,0.554455446,Pending,Review,0.571072319,4.2,missense
chr12-121445378-121445379-C-T,KDM2B,E667K,0,KAGKEDTVE,ENST00000377071.9,1.0,HLA-C*05:01,1,,0,11073.71,13513.134,19.875,32.18,74.696,0.231,17.255,666,0.095,Poor,False,No comments,Reject,0.198019802,Pending,Reject,0.117206983,4.2,missense
chr7-150337207-150337208-A-C,LRRC61,Q116P,0,LLATPGQLP,ENST00000323078.7,1.0,HLA-C*05:01,9,,0,13620.958,13429.111,17.5,19.595,19.911,0.944,18.796,514,0.357,Poor,False,No comments,Review,0.306930693,Pending,Review,0.279301746,4.2,missense
chr13-26214557-26214558-G-A,RNF6,R442C,0,NSGGFCRTI,ENST00000346166.7,1.0,HLA-C*08:02,6,6.0,0,4060.438,8028.698,18.5,27.0,29.133,0.163,4.749,618,0.065,Poor,False,No comments,Reject,0.217821782,Pending,Reject,0.14713217,4.2,missense
chr22-29489237-29489238-C-T,NEFH,P533L,0,AEAKSLEK,ENST00000310624.7,1.0,HLA-B*44:02,6,,0,3016.513,3493.721,2.4,2.45,11.104,0.311,3.453,222,0.067,Poor,False,No comments,Review,0.306930693,Pending,Reject,0.164588529,4.2,missense
chr11-6411265-6411266-G-C,APBB1,L28V,0,VHAAHNQL,ENST00000311051.7,1.0,HLA-B*14:01,1,,0,1507.06,1132.22,0.5,0.43,14.219,0.027,0.384,295,0.095,Poor,False,No comments,Review,0.346534653,Pending,Review,0.329177057,4.2,missense
chr15-33859595-33859596-G-A,RYR3,V4722M,0,YLFHMYMGV,ENST00000634891.2,1.0,HLA-A*32:01,7,,0,1530.953,1671.49,2.976,2.343,3.557,0.089,0.317,124,0.117,Poor,False,No comments,Reject,0.217821782,Pending,Reject,0.182044888,4.2,missense
chr11-36098428-36098429-A-G,LDLRAD3,N141S,3,QDSSDEES,ENST00000315571.6,1.0,HLA-B*44:02,3,,1,29662.598,28617.774,55.03,41.0,33.661,0.265,8.92,404,0.083,Poor,False,No comments,Review,0.346534653,Pending,Review,0.29925187,4.2,missense
chr16-4895274-4895275-A-C,PPL,F410V,2,VEGEQGLI,ENST00000345988.7,1.0,HLA-B*44:02,1,,2,5060.651,5463.305,3.338,5.7,3.158,0.459,1.45,61,0.337,Poor,False,No comments,Reject,0.178217822,Pending,Reject,0.19201995,4.2,missense
chr16-4884756-4884757-C-T,PPL,E1300K,0,QEILQFQKD,ENST00000345988.7,1.0,HLA-B*44:02,8,,0,4855.256,4482.96,2.7,2.55,3.158,0.163,0.515,172,0.095,Poor,False,No comments,Reject,0.217821782,Pending,Reject,0.194513716,4.2,missense
chr6-31767487-31767488-C-T,VWA7,G555R,0,GQEEGRGPL,ENST00000375688.5,5.0,HLA-C*08:02,6,,0,2886.722,958.837,4.55,1.7,0.17,0.316,0.054,38,0.137,Poor,False,No comments,Reject,0.079207921,Pending,Reject,0.069825436,4.2,missense
chr4-73836777-73836778-C-G,CXCL6,R10G,0,AAGVPGPSG,ENST00000226317.10,1.0,HLA-C*08:02,3,,0,5181.186,13634.889,16.809,36.0,0.375,0.889,0.333,9,0.244,Poor,False,No comments,Review,0.316831683,Pending,Review,0.201995012,4.2,missense
chr6-31557746-31557747-G-A,NFKBIL1,E152K,0,KEEEEDDASK,ENST00000376148.9,1.0,HLA-B*44:02,1,,0,9613.314,7534.954,8.35,7.65,3.835,0.212,0.813,170,0.077,Poor,False,No comments,Reject,0.118811881,Pending,Reject,0.069825436,4.2,missense
chr13-71630615-71630616-G-C,DACH1,H356D,0,NYDASNNQH,ENST00000613252.5,1.0,HLA-C*08:02,3,,0,5194.403,33597.717,7.45,71.5,5.006,0.062,0.31,130,0.086,Poor,False,No comments,Review,0.326732673,Pending,Review,0.269326683,4.2,missense
chr13-51252142-51252143-C-T,FAM124A,P259L,3,SLISEGRW,ENST00000322475.13,1.0,HLA-A*32:01,2,,1,11812.785,31814.993,6.75,30.0,3.42,0.084,0.287,83,0.085,Poor,False,No comments,Review,0.316831683,Pending,Review,0.204488778,4.2,missense
chr8-54459776-54459777-C-T,SOX17,R343W,0,WDGTDPSQP,ENST00000297316.5,1.0,HLA-C*08:02,1,,0,18286.006,19217.471,47.0,58.0,1.487,0.043,0.064,46,0.119,Poor,False,No comments,Reject,0.158415842,Pending,Reject,0.127182045,4.2,missense
chr9-98371549-98371550-C-T,GABBR2,V562M,2,LTMGYTTAF,ENST00000259455.4,1.0,HLA-A*32:01,3,,4,27.632,156.309,0.1,0.301,0.211,0.0,0.0,4,0.243,NoExpr,False,No comments,Reject,0.099009901,Pending,Reject,0.072319202,4.2,missense
chr3-52787603-52787604-C-T,ITIH1,P639L,4,LEMLGLRRTF,ENST00000273283.7,1.0,HLA-B*44:02,6,,5,83.945,94.189,0.2,0.19,0.02,0.0,0.0,4,0.053,NoExpr,False,No comments,Reject,0.099009901,Pending,Reject,0.027431421,4.2,missense
chr18-580767-580768-G-T,CETN1,K120N,1,FDDDETGNI,ENST00000327228.5,,HLA-C*08:02,8,,3,175.812,288.441,0.783,0.825,0.0,0.0,0.0,0,0.097,NoExpr,False,No comments,Reject,0.01980198,Pending,Reject,0.009975062,4.2,missense
chr22-26623269-26623270-C-T,CRYBA4,R26W,1,GFQGRWHEF,ENST00000354760.4,1.0,HLA-A*24:02,6,,2,240.754,1303.152,0.27,0.995,0.066,0.0,0.0,0,0.089,NoExpr,False,No comments,Reject,0.069306931,Pending,Reject,0.007481297,4.2,missense
chr5-141350402-141350402-C-CTT,PCDHGB1,FS48,2,STLVWRAGI,ENST00000523390.2,1.0,HLA-A*32:01,9-Jan,,5,266.598,,0.894,,1.361,0.0,0.0,27,0.087,NoExpr,False,No comments,Reject,0.01980198,Review,Reject,0.002493766,15.6,FS
chr8-112265521-112265522-TG-T,CSMD3,FS3193,4,YGDDYVVGKMF,ENST00000297405.10,1.0,HLA-C*05:01,11-Sep,,4,322.102,280.269,0.41,0.585,2.041,0.0,0.0,10,0.071,NoExpr,False,No comments,Reject,0.069306931,Review,Reject,0.064837905,15.6,FS
chrX-10128074-10128074-T-TGAAC,WWC3,FS855-856,1,SERTIKDAGGW,ENST00000380861.10,1.0,HLA-B*44:02,11-Mar,,4,389.116,,0.165,,15.405,0.0,0.0,310,0.18,NoExpr,False,No comments,Reject,0.089108911,Review,Reject,0.074812968,15.6,FS
chr19-35351921-35351921-T-TG,FFAR1,FS124,1,LQPLSPALF,ENST00000246553.3,,HLA-A*24:02,9-Jan,,3,450.24,,0.705,,0.0,0.0,0.0,0,0.255,NoExpr,False,No comments,Reject,0.02970297,Pending,Reject,0.014962594,15.6,FS
chr22-39887543-39887544-G-A,ENTHD1,R69C,1,CHVYKSLTL,ENST00000325157.7,1.0,HLA-B*14:01,1,1.0,2,517.53,804.48,0.19,0.135,0.257,0.0,0.0,0,0.173,NoExpr,False,No comments,Reject,0.02970297,Pending,Reject,0.014962594,4.2,missense
chr9-101362632-101362633-T-C,BAAT,N351S,3,RHGKNSWTL,ENST00000259407.7,1.0,HLA-B*14:01,6,,2,1051.92,2200.18,0.7,1.1,0.396,0.0,0.0,7,0.098,NoExpr,False,No comments,Reject,0.02970297,Pending,Reject,0.002493766,4.2,missense
chr3-157045520-157045521-A-G,LEKR1,H617R,1,NRGERSLARL,ENST00000356539.9,5.0,HLA-B*14:01,2,,1,1273.91,1844.099,1.431,0.46,0.741,0.0,0.0,0,0.074,NoExpr,False,No comments,Reject,0.04950495,Pending,Reject,0.02244389,4.2,missense
chr3-88466267-88466268-C-A,CSNKA2IP,A304E,1,RQSESSYFV,ENST00000637986.2,4.0,HLA-A*32:01,4,,1,1381.785,1229.707,2.281,2.805,0.0,0.0,0.0,0,0.18,NoExpr,False,No comments,Reject,0.00990099,Pending,Reject,0.002493766,4.2,missense
chr19-22976007-22976008-T-G,ZNF728,K443N,0,SSLTKHNVI,ENST00000594710.2,3.0,HLA-A*32:01,7,,0,1560.472,3214.05,2.107,3.8,0.125,0.0,0.0,6,0.078,NoExpr,False,No comments,Reject,0.01980198,Pending,Reject,0.024937656,4.2,missense
chr1-18840251-18840252-C-T,TAS1R2,G623R,0,AYMVVPVYVR,ENST00000375371.3,2.0,HLA-A*24:02,10,,0,3123.783,2195.75,2.9,2.1,0.063,0.0,0.0,2,0.166,NoExpr,False,No comments,Reject,0.079207921,Pending,Reject,0.154613466,4.2,missense
chr11-77040374-77040375-C-A,B3GNT6,A275D,1,LFPGSDYPVY,ENST00000622824.1,1.0,HLA-A*24:02,6,,1,4796.437,3948.265,4.05,2.8,0.068,0.0,0.0,0,0.177,NoExpr,False,No comments,Reject,0.0,Pending,Reject,0.0,4.2,missense
chr6-55579035-55579036-G-A,HMGCLL1,A7V,0,MGNVPSVVK,ENST00000274901.9,1.0,HLA-C*05:01,7,,0,5457.612,5792.814,17.5,18.5,0.192,0.0,0.0,6,0.342,NoExpr,False,No comments,Reject,0.01980198,Pending,Reject,0.0,4.2,missense
chr10-19146243-19146244-G-T,MALRD1,E486D,1,GWDPFLTED,ENST00000454679.7,1.0,HLA-C*05:01,3,,2,5519.691,15242.947,11.69,30.0,3.659,0.0,0.0,0,0.435,NoExpr,False,No comments,Reject,0.03960396,Pending,Reject,0.019950125,4.2,missense
chr8-7860393-7860394-G-A,SPAG11A,V88M,2,MGFLGPRW,ENST00000434307.6,1.0,HLA-A*32:01,1,,1,5575.726,13475.486,4.56,8.5,0.0,0.0,0.0,0,0.088,NoExpr,False,No comments,Reject,0.00990099,Pending,Reject,0.02244389,4.2,missense
chr1-84182256-84182256-T-TG,PRKACB,FS102-103,0,SHVGKTQSH,ENST00000370685.7,1.0,HLA-B*14:01,9-Jan,,0,7864.59,,4.6,,48.731,0.0,0.0,524,0.216,NoExpr,False,No comments,Reject,0.118811881,Reject,Reject,0.057356608,15.6,FS
chr2-9555571-9555572-C-A,ADAM17,V12F,6,LTSVFPFVL,ENST00000310823.8,1.0,HLA-B*57:03,5,,4,176.05,141.18,0.514,0.406,50.107,0.198,9.921,243,0.124,Subclonal,False,No comments,Accept,0.881188119,Accept,Accept,0.960099751,12.0,missense
chr19-535887-535888-T-C,CDC34,F77L,4,YSPPAFRLL,ENST00000215574.9,1.0,HLA-C*07:01,8,,6,276.367,414.712,0.661,1.279,108.291,0.209,22.633,712,0.098,Subclonal,False,No comments,Accept,0.910891089,Accept,Accept,0.932668329,12.0,missense
chr9-108881727-108881728-T-C,ELP1,N1108S,13,RLDIIETSVK,ENST00000374647.10,1.0,HLA-A*03:01,8,,2,115.295,266.763,0.655,0.893,27.325,0.162,4.427,148,0.143,Subclonal,False,No comments,Accept,0.97029703,Accept,Accept,0.947630923,12.0,missense
chr14-21492895-21492914-GCAGCAGCTGCTGCTGCTGC-G,TOX4,FS427-433,3,RSVLQAVLL,ENST00000448790.7,1.0,HLA-B*57:03,9-Jul,,42,214.64,10663.75,0.286,11.0,105.038,0.011,1.155,372,0.109,Subclonal,False,No comments,Review,0.425742574,Accept,Review,0.556109726,12.0,missense
chr20-63530151-63530152-G-A,PTK6,S365F,1,ALSRGHYFTK,ENST00000542869.3,1.0,HLA-A*03:01,8,,7,28.669,32.525,0.185,0.175,49.881,0.01,0.499,402,0.05,Poor,False,No comments,Review,0.504950495,Review,Review,0.396508728,99.0,missense
chr19-10683411-10683412-A-C,ILF3,K578T,7,KTVAKAYAAL,ENST00000449870.5,1.0,HLA-B*57:03,2,,3,662.21,20292.2,1.369,22.192,153.999,0.193,29.722,685,0.132,Poor,False,No comments,Accept,0.712871287,Accept,Accept,0.713216958,120.0,missense
chr4-83094696-83094697-C-T,PLAC8,R113H,5,NRRRAMHTF,ENST00000311507.9,1.0,HLA-C*07:01,7,,2,572.45,511.075,0.956,0.795,78.757,0.128,10.081,812,0.162,Poor,False,No comments,Accept,0.821782178,Accept,Accept,0.860349127,45.0,missense
chr12-25245349-25245350-C-T,KRAS,G12D,11,VVVGADGVGK,ENST00000256078.10,1.0,HLA-A*03:01,6,,2,764.565,385.03,1.75,0.79,28.609,0.46,13.16,252,0.257,Poor,False,No comments,Accept,0.861386139,Accept,Accept,0.875311721,41.0,missense
chr2-55334563-55334564-G-A,CCDC88A,R753C,15,KTECLEVSY,ENST00000336838.10,1.0,HLA-A*01:01,4,4,3,224.407,254.096,0.23,0.155,21.141,0.042,0.888,95,0.126,Poor,False,No comments,Review,0.346534653,Reject,Reject,0.10723192,7.0,missense
chr2-80419563-80419564-C-T,CTNNA2,A418V,9,VQVFREHANK,ENST00000402739.9,1.0,HLA-A*03:01,1,,2,581.213,232.761,2.05,1.25,6.726,0.286,1.924,35,0.119,Poor,False,No comments,Accept,0.653465347,Accept,Accept,0.630922693,56.0,missense
chr1-181732859-181732860-G-A,CACNA1E,R925H,7,QRRSRHRHV,ENST00000367573.7,1.0,HLA-C*07:01,8,,4,519.549,673.657,1.0,1.3,0.735,0.364,0.268,11,0.302,Poor,False,No comments,Reject,0.287128713,Review,Review,0.261845387,68.0,missense
chr2-144007295-144007296-T-G,GTDC1,N254T,10,TSSSHHGENK,ENST00000409214.5,1.0,HLA-A*03:01,1,,1,643.701,2009.35,2.267,4.05,17.376,0.041,0.712,97,0.051,Poor,True,No comments,Reject,0.247524752,Reject,Review,0.244389027,53.0,missense
chr6-44230852-44230853-G-A,SLC29A1,G244R,8,KLEGPREQETK,ENST00000371708.1,1.0,HLA-A*03:01,6,,1,2341.29,2971.34,2.5,2.05,91.248,0.115,10.494,426,0.131,Poor,False,No comments,Review,0.346534653,Review,Review,0.401496259,199.0,missense
chr19-8956758-8956759-A-G,MUC16,S6671P,1,VPTEKSAVL,ENST00000397910.8,5.0,HLA-B*08:01,2,,2,1357.592,5937.653,2.2,8.38,22.506,0.263,5.919,99,0.157,Poor,False,No comments,Review,0.415841584,Review,Review,0.336658354,54.0,missense
chr17-7673775-7673776-G-A,TP53,R282W,18,WRTEEENLR,ENST00000269305.9,1.0,HLA-C*07:01,1,,1,4161.351,3065.531,2.495,2.6,67.009,0.557,37.324,352,0.287,Poor,False,No comments,Review,0.356435644,Reject,Review,0.3840399,56.0,missense
chr7-77696562-77696563-T-C,RSBN1L,S32P,0,LPSRDPPGSL,ENST00000334955.13,1.0,HLA-B*08:01,2,,0,3268.241,12773.04,2.45,14.5,30.789,0.397,12.223,184,0.213,Poor,False,No comments,Review,0.475247525,Review,Review,0.309226933,66.0,missense
chr15-40218482-40218483-G-A,BUB1B,A960T,2,IADLTHLLLF,ENST00000287598.11,1.0,HLA-B*57:03,5,,5,751.05,743.9,0.675,0.599,11.071,0.037,0.41,27,0.138,Poor,False,No comments,Review,0.455445545,Review,Review,0.436408978,104.0,missense
chr16-3966505-3966506-C-T,ADCY9,G1111R,1,KTIRATYM,ENST00000294016.8,1.0,HLA-B*57:03,4,,5,1003.294,1735.651,1.5,1.9,25.859,0.025,0.646,79,0.101,Poor,False,No comments,Review,0.356435644,Review,Review,0.503740648,36.0,missense
chr5-141403222-141403223-G-A,PCDHGA9,D91N,2,LVTAGRINR,ENST00000573521.2,1.0,HLA-A*03:01,8,,3,2167.949,5891.16,3.9,7.55,6.542,0.6,3.925,45,0.257,Poor,False,No comments,Review,0.326732673,Reject,Review,0.341645885,64.0,missense
chr7-6692357-6692358-T-C,ZNF12,N195S,0,QSGEPYTL,ENST00000405858.6,1.0,HLA-B*57:03,2,,0,3380.076,34752.56,4.0,26.0,28.494,0.237,6.753,198,0.195,Poor,False,No comments,Review,0.504950495,Reject,Review,0.506234414,42.0,missense
chr9-33328602-33328603-G-C,NFX1,K643N,0,FIHTCENL,ENST00000379540.8,1.0,HLA-B*08:01,7,5,0,5076.595,4000.11,6.8,5.115,49.731,0.187,9.3,209,0.25,Poor,False,No comments,Reject,0.158415842,Reject,Reject,0.119700748,8.0,missense
chr17-45271067-45271068-A-G,MAP3K14,L604P,4,HPWTQFFRGPP,ENST00000344686.8,1.0,HLA-B*08:01,11,,5,17394.891,1730.39,22.338,3.172,14.718,0.13,1.913,92,0.12,Poor,False,No comments,Reject,0.178217822,Reject,Reject,0.127182045,8.0,missense
chr10-15592243-15592244-A-C,ITGA8,F758V,1,MSINVDLQI,ENST00000378076.4,1.0,HLA-B*57:03,5,,2,52.646,54.558,0.25,0.3,4.302,0.0,0.0,39,0.074,NoExpr,False,No comments,Reject,0.079207921,Pending,Reject,0.057356608,2.9,missense
chr8-21693318-21693319-A-C,GFRA2,L452V,4,VTVLSVLMLK,ENST00000524240.6,1.0,HLA-A*03:01,1,,8,53.55,57.905,0.34,0.395,3.872,0.0,0.0,11,0.053,NoExpr,False,No comments,Reject,0.138613861,Pending,Reject,0.027431421,2.9,missense
chr16-51138706-51138707-G-A,SALL1,T1172M,5,RAFMTKGNLK,ENST00000251020.9,1.0,HLA-A*03:01,4,,8,68.049,81.435,0.27,0.275,1.694,0.0,0.0,6,0.095,NoExpr,False,No comments,Reject,0.02970297,Pending,Reject,0.0,2.9,missense
chr12-128544000-128544001-G-A,TMEM132C,R340H,1,LSAQTHEPRQW,ENST00000435159.3,5.0,HLA-B*57:03,6,,5,81.83,117.66,0.136,0.234,0.572,0.0,0.0,0,0.116,NoExpr,False,No comments,Reject,0.059405941,Pending,Reject,0.024937656,2.9,missense
chr3-44400555-44400556-A-C,TCAIM,S363R,2,RILFHPRRLR,ENST00000342649.9,1.0,HLA-A*03:01,8,,15,101.095,43.965,0.4,0.214,19.523,0.0,0.0,79,0.063,NoExpr,False,No comments,Reject,0.178217822,Pending,Reject,0.039900249,2.9,missense
chr3-59046228-59046229-G-A,CFAP20DC,L69F,3,QSFGLIQRF,ENST00000482387.7,5.0,HLA-B*57:03,3,,7,124.76,163.23,0.11,0.067,0.844,0.0,0.0,8,0.218,NoExpr,False,No comments,Reject,0.04950495,Pending,Reject,0.057356608,2.9,missense
chr8-130847437-130847439-CAG-C,ADCY8,FS829-830,1,AVFTDMLLPR,ENST00000286355.10,1.0,HLA-A*03:01,10-Jun,,14,195.048,6640.585,0.515,13.353,0.04,0.0,0.0,0,0.138,NoExpr,False,No comments,Reject,0.168316832,Review,Reject,0.199501247,31.0,FS
chr1-110604564-110604565-C-T,KCNA2,R73Q,7,YFDPLQNEY,ENST00000369770.7,1.0,HLA-A*01:01,6,,4,213.282,533.148,0.14,0.24,1.52,0.0,0.0,12,0.117,NoExpr,False,No comments,Reject,0.108910891,Pending,Reject,0.052369077,2.9,missense
chr8-3029393-3029394-A-C,CSMD1,L2012V,6,YYVEGWRLL,ENST00000335551.11,1.0,HLA-C*07:01,3,,4,221.134,239.371,0.625,0.714,0.348,0.0,0.0,4,0.095,NoExpr,False,No comments,Reject,0.04950495,Pending,Reject,0.024937656,0.0,missense
chrX-148967663-148967664-A-C,AFF2,K1045T,4,YYMQEATKL,ENST00000342251.7,1.0,HLA-C*07:01,7,,5,426.78,506.671,0.743,1.05,5.5,0.0,0.0,0,0.121,NoExpr,False,No comments,Reject,0.089108911,Pending,Reject,0.114713217,0.0,missense
chr5-140828367-140828368-G-A,PCDHA6,E93K,3,FVNSRIDRK,ENST00000529310.6,1.0,HLA-A*03:01,9,,6,554.72,30906.895,1.5,46.5,2.266,0.0,0.0,8,0.116,NoExpr,False,No comments,Reject,0.227722772,Pending,Review,0.224438903,0.0,missense
chr11-49952819-49952820-T-C,OR4C13,V133A,1,PLHYTTTMK,ENST00000555099.1,,HLA-A*03:01,7,,9,602.375,451.057,1.6,1.4,0.0,0.0,0.0,0,0.223,NoExpr,True,No comments,Reject,0.0,Pending,Reject,0.004987531,0.0,missense
chr1-228414969-228414970-A-C,TRIM17,F35V,8,VCRACIQLSW,ENST00000295033.7,1.0,HLA-B*57:03,1,"2,5",2,616.71,972.15,1.199,1.106,0.692,0.0,0.0,36,0.073,NoExpr,False,No comments,Reject,0.118811881,Pending,Reject,0.044887781,0.0,missense
chr11-92801262-92801263-T-A,FAT3,N2750K,2,TVNGERPEK,ENST00000525166.6,5.0,HLA-A*03:01,9,,3,775.509,33172.785,2.05,56.0,10.207,0.0,0.0,20,0.148,NoExpr,False,No comments,Reject,0.267326733,Pending,Review,0.261845387,0.0,missense
chr19-51078855-51078856-C-A,KLK14,V188F,3,RTITPGMF,ENST00000156499.7,1.0,HLA-B*57:03,8,,1,819.146,9051.519,0.78,6.5,0.289,0.0,0.0,2,0.12,NoExpr,False,No comments,Reject,0.089108911,Pending,Reject,0.072319202,0.0,missense
chr1-247815133-247815134-A-G,OR14A16,L199P,1,IALIPINVVL,ENST00000641093.1,,HLA-B*57:03,5,,1,1170.651,2822.504,1.53,4.69,0.0,0.0,0.0,0,0.082,NoExpr,False,No comments,Reject,0.0,Pending,Reject,0.014962594,0.0,missense
chr8-76853255-76853256-T-G,ZFHX4,L2086R,2,ALSADLTQR,ENST00000518282.5,5.0,HLA-A*03:01,9,,4,1209.713,11686.723,2.35,13.5,8.262,0.0,0.0,3,0.065,NoExpr,False,No comments,Reject,0.03960396,Pending,Reject,0.039900249,0.0,missense
chr1-52842925-52842926-G-A,ZYG11A,V15I,1,NIIPPDAQK,ENST00000371528.2,5.0,HLA-A*03:01,3,,2,2093.65,3088.558,4.15,5.2,0.122,0.0,0.0,0,0.122,NoExpr,False,No comments,Reject,0.01980198,Pending,Reject,0.002493766,0.0,missense
chr6-22287475-22287476-G-A,PRL,R205C,3,LLHCLCRDSHK,ENST00000617911.4,1.0,HLA-A*03:01,6,"4,6",1,2149.573,1854.616,4.5,3.85,0.0,0.0,0.0,0,0.224,NoExpr,False,No comments,Reject,0.0,Pending,Reject,0.002493766,0.0,missense
chr5-90635277-90635278-T-G,ADGRV1,F668L,0,LAAEVVYIPL,ENST00000405460.9,1.0,HLA-B*57:03,1,,0,2664.091,2314.528,3.8,3.0,1.033,0.0,0.0,2,0.144,NoExpr,False,No comments,Reject,0.00990099,Pending,Reject,0.0,0.0,missense
chrX-120159331-120159332-G-A,RHOXF2,A133T,0,NTQQPNVHAF,ENST00000371388.5,1.0,HLA-B*57:03,2,,0,3104.51,4242.334,2.1,2.62,0.0,0.0,0.0,2,0.05,NoExpr,False,No comments,Reject,0.01980198,Pending,Reject,0.004987531,0.0,missense
chr2-178751750-178751751-C-T,TTN,R3550Q,0,IPTGLRQIIK,ENST00000360870.10,5.0,HLA-A*03:01,7,,0,3913.77,4173.01,6.802,6.264,2.933,0.0,0.0,2,0.11,NoExpr,False,No comments,Reject,0.01980198,Pending,Reject,0.019950125,0.0,missense
chr6-117270740-117270741-C-T,VGLL2,A197V,0,ATEPWHHVH,ENST00000326274.6,1.0,HLA-A*01:01,8,,0,4424.078,3688.722,1.4,0.96,0.019,0.0,0.0,0,0.133,NoExpr,False,No comments,Reject,0.04950495,Pending,Reject,0.017456359,0.0,missense
chr2-27083329-27083330-G-A,EMILIN1,G587R,0,RVQEELGRLR,ENST00000380320.9,1.0,HLA-A*03:01,1,,0,4700.509,12316.52,2.55,7.075,48.798,0.0,0.0,297,0.13,NoExpr,False,No comments,Reject,0.079207921,Pending,Reject,0.069825436,0.0,missense
chr9-133071533-133071534-GC-G,CEL,FS678,1,RPRVTPAPP,ENST00000372080.8,5.0,HLA-B*08:01,9-Jan,,1,8627.917,,8.75,,1.418,0.0,0.0,0,0.173,NoExpr,False,No comments,Reject,0.00990099,Reject,Reject,0.014962594,12.0,FS
chr2-140352987-140352988-T-G,LRP1B,N3872T,2,QTFQERNNT,ENST00000389484.8,1.0,HLA-B*57:03,2,,2,22972.24,41327.14,20.0,65.0,0.297,0.0,0.0,0,0.06,NoExpr,False,No comments,Reject,0.178217822,Pending,Reject,0.124688279,0.0,missense
chr9-21971124-21971126-TGA-T,CDKN2A,FS78,10,ATHPTRARR,ENST00000498124.1,1.0,HLA-A*31:01,9-Mar,,45,16.349,,0.316,,95.914,0.882,84.596,1046,0.286,Pass,True,No comments,Accept,0.811881188,Review,Accept,0.733167082,209.0,FS
chr16-27631127-27631128-C-T,KATNIP,A125V,3,RTVPSKVQR,ENST00000261588.10,1.0,HLA-A*31:01,3,,9,12.815,12.085,0.08,0.185,44.567,0.225,10.028,342,0.234,Pass,False,No comments,Accept,0.841584158,Accept,Accept,0.822942643,124.5,missense
chr20-49270718-49270719-T-C,ZNFX1,T365A,5,AAIYLDTHFR,ENST00000396105.6,1.0,HLA-A*31:01,1,,3,72.224,134.867,0.475,0.796,91.531,0.188,17.208,674,0.241,Pass,False,No comments,Accept,0.97029703,Accept,Accept,0.997506234,124.5,missense
chr17-7673805-7673806-C-A,TP53,V272L,18,LGRNSFELR,ENST00000269305.9,1.0,HLA-A*31:01,8,,7,95.373,200.462,1.07,1.305,52.232,0.497,25.959,527,0.306,Pass,False,No comments,Accept,0.98019802,Accept,Accept,0.975062344,8.3,missense
chr5-146062477-146062478-A-T,SH3RF2,Y656F,2,NYSPPPTKHF,ENST00000359120.9,1.0,HLA-A*24:02,10,,3,316.205,7265.61,0.335,6.75,42.504,0.657,27.925,332,0.25,Pass,False,No comments,Accept,0.821782178,Accept,Accept,0.790523691,8.3,missense
chr8-123328513-123328514-T-G,ATAD2,K1182Q,2,TIKKRRQI,ENST00000287394.10,1.0,HLA-B*08:01,7,,4,135.238,140.445,0.28,0.575,17.907,0.209,3.743,158,0.174,Pass,False,No comments,Accept,0.96039604,Accept,Accept,0.935162095,8.3,missense
chr12-25245350-25245351-C-G,KRAS,G12R,11,EYKLVVVGAR,ENST00000256078.10,1.0,HLA-A*31:01,10,,5,465.43,30524.03,2.75,50.0,25.45,0.313,7.966,364,0.277,Pass,True,No comments,Review,0.504950495,Reject,Review,0.476309227,80.0,missense
chr3-44659147-44659148-G-A,ZNF35,S262N,1,NANLVVHQR,ENST00000396056.7,1.0,HLA-A*31:01,1,,7,86.15,29.63,1.05,0.275,3.669,0.313,1.148,131,0.333,Pass,True,No comments,Accept,0.732673267,Accept,Accept,0.725685786,198.0,missense
chr15-39801258-39801259-C-T,GPR176,R474Q,3,TRNSKKQLL,ENST00000561100.2,1.0,HLA-C*07:01,7,,4,38.884,42.67,0.138,0.174,2.598,0.083,0.216,48,0.276,LowExpr,False,No comments,Review,0.475247525,Review,Review,0.453865337,40.0,missense
chr16-15396023-15396024-G-A,MPV17L,A43T,5,RLQGRETNWR,ENST00000396385.4,1.0,HLA-A*31:01,7,,6,73.275,80.019,0.519,0.675,0.563,0.182,0.102,11,0.235,LowExpr,False,No comments,Review,0.306930693,Review,Review,0.201995012,78.0,missense
chr4-121828409-121828410-C-A,BBS7,A628S,3,KVQLIDSLK,ENST00000264499.9,1.0,HLA-A*31:01,7,,1,209.457,161.355,1.55,1.275,13.251,0.133,1.762,105,0.121,Subclonal,False,No comments,Accept,0.742574257,Accept,Accept,0.83042394,24.0,missense
chr7-87219450-87219451-G-A,TMEM243,P18L,3,RLLFGETSAK,ENST00000257637.8,1.0,HLA-A*31:01,2,,3,1034.95,4684.95,3.3,7.93,29.996,0.319,9.569,520,0.263,Poor,False,No comments,Review,0.534653465,Accept,Review,0.566084788,91.0,missense
chr7-100893793-100893794-C-T,ACHE,V147I,11,SPTPVLIWI,ENST00000302913.8,1.0,HLA-B*51:01,7,,3,1556.908,1458.84,0.275,0.265,36.163,0.381,13.778,223,0.138,Poor,True,No comments,Accept,0.574257426,Accept,Review,0.563591022,156.0,missense
chr10-96159529-96159530-G-A,ZNF518A,E1070K,3,LSKQQSTKL,ENST00000316045.10,1.0,HLA-C*15:02,3,,4,1345.66,1189.85,2.68,1.55,19.869,0.274,5.444,350,0.143,Poor,False,No comments,Review,0.455445545,Accept,Review,0.443890274,130.0,missense
chr10-32583256-32583257-A-G,CCDC7,T560A,1,LAQKNEAVI,ENST00000639629.1,5.0,HLA-C*15:02,7,,3,1983.883,1597.89,3.25,2.15,62.375,0.102,6.362,361,0.102,Poor,False,No comments,Reject,0.168316832,Reject,Review,0.221945137,13.2,missense
chr4-168237701-168237702-G-C,DDX60,L1420V,2,LFSLQFVVK,ENST00000393743.8,1.0,HLA-A*31:01,7,,4,1076.585,1929.34,3.67,5.45,24.727,0.135,3.338,303,0.158,Poor,False,No comments,Reject,0.198019802,Pending,Review,0.224438903,13.2,missense
chr1-183545980-183545981-G-A,SMG7,A750T,0,QQADTSKQL,ENST00000507469.5,1.0,HLA-C*15:02,5,,0,4555.305,3827.925,8.33,7.365,51.33,0.268,13.756,265,0.219,Poor,False,No comments,Reject,0.217821782,Pending,Reject,0.19201995,13.2,missense
chr3-136472416-136472417-G-A,STAG1,L401F,1,AIRLVTLIFH,ENST00000383202.7,1.0,HLA-A*31:01,9,,6,2950.365,4937.825,6.5,10.85,50.871,0.111,5.647,298,0.117,Poor,False,No comments,Reject,0.227722772,Pending,Review,0.201995012,13.2,missense
chr9-38578074-38578075-A-G,ANKRD18A,L774P,2,VPHQELLSM,ENST00000399703.6,1.0,HLA-B*08:01,2,,1,2205.013,2112.033,2.45,2.3,5.421,0.68,3.686,50,0.253,Poor,False,No comments,Review,0.346534653,Pending,Review,0.389027431,13.2,missense
chrX-129792341-129792342-A-T,SASH3,S153C,0,CCPSPGSGSF,ENST00000356892.4,1.0,HLA-A*24:02,2,"1,2",0,4530.825,4235.35,5.077,4.436,79.54,0.002,0.159,1056,0.282,Poor,False,No comments,Reject,0.03960396,Reject,Reject,0.044887781,13.2,missense
chr2-96691308-96691309-G-C,FER1L5,G955R,2,VRFRNHREL,ENST00000624922.6,5.0,HLA-C*07:01,7,,10,35.554,90.294,0.143,0.35,0.112,0.0,0.0,2,0.26,NoExpr,False,No comments,Reject,0.03960396,Pending,Reject,0.034912718,0.0,missense
chrX-71303887-71303888-G-A,ITGB1BP2,G206S,2,SRHDWGKQL,ENST00000373829.8,1.0,HLA-C*07:01,1,,5,37.704,67.37,0.074,0.128,2.779,0.0,0.0,15,0.107,NoExpr,False,No comments,Reject,0.198019802,Pending,Reject,0.119700748,0.0,missense
chrX-141897483-141897484-G-A,MAGEC3,G576R,4,AIRPIQRPAR,ENST00000298296.1,1.0,HLA-A*31:01,3,,12,48.251,139.857,0.341,0.89,0.0,0.0,0.0,0,0.252,NoExpr,False,No comments,Reject,0.02970297,Pending,Reject,0.017456359,0.0,missense
chr15-73703792-73703792-C-CA,CD276,FS289-290,3,LLREHPGFR,ENST00000318443.10,2.0,HLA-A*31:01,9-Jan,,25,69.78,,0.7,,81.374,0.0,0.0,300,0.248,NoExpr,False,No comments,Reject,0.099009901,Review,Reject,0.057356608,373.0,FS
chr13-73063869-73063869-T-TGAG,KLF5,L394LR,2,SSHLKAHLRR,ENST00000377687.6,1.0,HLA-A*31:01,10,,4,101.776,4820.694,0.885,17.98,168.762,0.0,0.0,1624,0.151,NoExpr,True,No comments,Reject,0.217821782,Pending,Reject,0.114713217,0.0,missense
chr3-38586036-38586037-C-T,SCN5A,R814Q,7,RSFRLLQVFK,ENST00000333535.9,1.0,HLA-A*31:01,7,,11,108.809,46.323,0.467,0.429,0.577,0.0,0.0,0,0.086,NoExpr,False,No comments,Reject,0.04950495,Pending,Reject,0.024937656,0.0,missense
chr6-29462037-29462038-T-C,OR2H1,I90T,4,LWGPKKTTSF,ENST00000377132.1,,HLA-A*24:02,8,,9,240.065,190.05,0.335,0.295,0.0,0.0,0.0,0,0.309,NoExpr,False,No comments,Reject,0.02970297,Pending,Reject,0.009975062,0.0,missense
chr6-28575386-28575387-T-A,ZBED9,R440W,2,VLQSDNGWEF,ENST00000452236.3,1.0,HLA-A*24:02,8,,3,1222.735,4907.238,1.45,5.027,0.031,0.0,0.0,1,0.255,NoExpr,False,No comments,Reject,0.01980198,Pending,Reject,0.004987531,0.0,missense
chr1-158777522-158777523-G-A,OR6N2,T38I,1,LLLAYLFII,ENST00000641131.1,,HLA-B*08:01,8,,5,1893.765,1143.663,3.99,2.393,0.0,0.0,0.0,0,0.255,NoExpr,False,No comments,Reject,0.0,Pending,Reject,0.009975062,0.0,missense
chr12-41194113-41194114-T-G,PDZRN4,Y257D,0,GTSTEGIDV,ENST00000402685.7,2.0,HLA-C*15:02,8,,0,2678.581,201.908,3.479,0.702,1.106,0.0,0.0,13,0.257,NoExpr,False,No comments,Reject,0.01980198,Pending,Reject,0.007481297,0.0,missense
chr4-159035089-159035090-A-T,C4orf45,S3T,0,MATVSYQK,ENST00000434826.3,2.0,HLA-A*31:01,3,,0,5668.96,5084.325,12.0,9.65,0.166,0.0,0.0,2,0.113,NoExpr,False,No comments,Reject,0.00990099,Pending,Reject,0.004987531,0.0,missense
chr19-57942495-57942510-AGTGCAAAATCTGTCT-A,ZNF256,RQILH100-104-,1,VLLVEHQGTHH,ENST00000282308.4,1.0,HLA-A*31:01,3-Feb,,1,13986.401,32759.106,38.0,64.0,7.231,0.0,0.0,85,0.153,NoExpr,False,No comments,Reject,0.099009901,Pending,Reject,0.077306733,0.0,missense
